"('job_Name',)","('job_Wage',)","('job_AverWage',)","('company_Name',)","('company_Nature',)","('company_Scale',)","('company_Address',)","('company_Distance',)","('company_Duration',)","('company_Traffic',)","('job_PeopleNum',)","('job_Issue',)","('job_Article',)","('job_Link',)","('job_Id',)","('company_Id',)"
企划/策划经理,6-8千/月,7000,四川恒艾科技有限公司,民营公司,150-500人,成华区猛追湾339C座1012,1629,1348,公共交通,1人 | 学历不限 | 5-7年工作经验,2017-04-10,"
						岗位职责：
1.深刻理解公司的企业文化及商业模式，完整的设计出企业文化及展示体系，树立公司品牌形象，提高公司的知名度和美誉度；
2.负责公司整体企划、推广及宣传工作，对企划部进行日常管理；
3.负责公司企划工作的全面掌控，包括组织、参与、指导企划方案的制定；
4.完成公司项目的整体策划创意、设计与提报，并指导专案策划文案、设计，配合完成日常推广宣传、广告投放效果等工作； 
5.完成公司大型活动的策划组织；
6.负责公司品牌推广，建立和发展公司的企业文化、产品文化、市场文化和管理文化。 

任职资格：
1.30-35岁，本科以上学历，具备整合推广或企划经验，5年以上相关工作资历、",http://m.51job.com/search/jobdetail.php?jobtype=0&jobid=87895403,87895403,4194622
文案策划,6-8千/月,7000,四川省元度家居汇装饰工程有限公司,民营公司,1000-5000人,中国 四川省成都市武侯区大石东路186号元度家居汇,5583,2093,公共交通,1人 | 大专 | 2年工作经验,2017-04-09,"
						岗位职责
1、结合公司各阶段营销推广计划需求，独立策划撰写各类文案；
2、负责收集、整理创意所需要的资料；
3、参与公司的对外宣传、推广工作，制定推广计划并实施；
4、完成领导交办的其他任务。

任职资格：
1、性别不限，大专以上学历，思维活跃度高，想法丰富，有良好的沟通、协调、组织、整合与分析能力；
2、良好的策略思考能力，熟悉新媒体，具有新媒体思想，具备较高的文字功底，能够撰写各种稿件及文案；
3、较强的社会活动能力，具有强烈的敬业精神和团队协作精神。

工作地址：武侯区大石东路186号
工作时间:8:30-17:30（单休：星期一）						",http://m.51job.com/search/jobdetail.php?jobtype=0&jobid=83722414,83722414,3593644
新媒体及财经网站运营,6-8千/月,7000,四川中诚财富股权投资基金管理有限公司,民营公司,150-500人,成都市锦江区芷泉街时代8号2305室,1126,136,的士,若干人 | 大专 | 工作经验不限,2017-04-10,"
						职位描述：
1、负责互联网自媒体平台（微信、微博）的日常运营及推广工作；.
2、负责能够独立运营微信公众号，提供优质、有高度传播性的内容；.
3、负责策划并执行微信营销线日常活动及跟踪维护，根据项目发送各种微信内容；.
4、提高关注度和粉丝的活跃度，并及时与粉丝互动；.
5、挖掘和分析网友使用习惯、情感及体验感受，及时掌握新闻热点，有效完成专题策划活动；.
6、紧跟微信发展趋势，广泛关注标杆性公众号，积极探索微信运营模式；.
7、充分了解用户需求，收集用户反馈，分析用户行为及需求。
任职要求：
1. 积极阳光，喜欢和用户沟通互动；
2、对新媒体有浓厚兴趣及一定程度的认知； 　
",http://m.51job.com/search/jobdetail.php?jobtype=0&jobid=87391884,87391884,3944296
品牌推广（文案）(005227),6-8千/月,7000,四川苏宁云商销售有限公司,上市公司,10000人以上,四川省成都市锦江区红星路三段16号正熙大厦6楼,1847,979,公共交通,若干人 | 大专 | 2年工作经验,2017-04-10,"
						岗位职责:1、负责企业品牌规划、推广，文案撰写工作；2、 建立和维护行业主流媒体资源，高效利用各类资源来执行品牌营销计划； 任职资格:1、 专科及以上学历，营销、管理、文学类相关专业；2、 2年以上品牌规划、设计、推广及管理经验；3、 优秀的规划能力、沟通能力；4、 有独到的商业评论、文案撰写能力者优先；5、 有成功品牌建设案例者优先； ",http://m.51job.com/search/jobdetail.php?jobtype=0&jobid=87719354,87719354,3809449
WE创空间运营人员（产业团队）,6-8千/月,7000,成都万科房地产有限公司,民营公司,150-500人,成都市静安路1号万科城市花园98栋1座,6292,2407,公共交通,1人 | 学历不限 | 工作经验不限,2017-04-10,"
						有孵化器运营经验优先；						",http://m.51job.com/search/jobdetail.php?jobtype=0&jobid=79781143,79781143,2151571
策划师/主管/经理,0.5-1万/月,7500,成都万科房地产有限公司,民营公司,150-500人,成都市静安路1号万科城市花园98栋1座,6292,2407,公共交通,若干人 | 本科 | 工作经验不限,2017-04-10,"
职位描述：1、负责项目的整体运作；2、负责项目销售过程的各项销售报告和策划方案；3、负责协助销售经理拟定的营销策略。岗位要求;1、两年以上房地产行业策划经验，熟悉策划工作流程；2、具有良好的沟通能力和管理能力；3、熟悉房地产营销策划报告，并参与过部分报告撰写。 ",http://m.51job.com/search/jobdetail.php?jobtype=0&jobid=73968891,73968891,2151571
品牌策划专员（石油天然气公司）,6-8千/月,7000,中国国际能源控股有限公司四川分公司,民营公司,10000人以上,成都市青羊区上西顺城街三多里82号,2977,1465,公共交通,2人 | 大专 | 工作经验不限 | 普通话 ,2017-04-10,"
						岗位职责：
1、负责企业品牌包装与形象策划，进行差异性品牌传播；
2、负责有关产品、市场需求、渠道方面的调研；
3、负责公司活动方案的设计、策划、实施与业务管理；
4、负责编制公司年度活动预算，提交年度方案，制定与协调各区域促销活动推进时间与方案选择；
5、根据公司年度目标和营销计划，策划撰写年度品牌建设计划方案；
6、策划撰写阶段性品牌推广方案，及各类项目活动的实施方案；
7、各宗实施各类项目方案、组织活动的实施过程；
8、完成上级领导安排的其它工作。
任职要求：
1.大学本科以上学历，35周岁以下，广告、新闻、中文、管理等相关专业；
2.具有五年以上大",http://m.51job.com/search/jobdetail.php?jobtype=0&jobid=85499373,85499373,2926554
运营经理（懂运营商及互联网）,5-7千/月,6000,成都翼联科技有限公司,民营公司,150-500人,成华区万科华茂广场22楼,6292,2407,公共交通,2人 | 本科 | 2年工作经验,2017-04-10,"
						岗位职责：
1、根据公司的业务发展规划，集合市场需求，负责完成公司互联网产品的业务需求落实、产品原型、流程和交互界面设计，编写完整的市场分析文档（MRD）、产品需求文档（PRD）；
2、制定计划并保证产品研发进度，协助设计、开发、测试团队理解和掌握产品需求，对产品方向和用户体验负责，推动目标达成。
3、吸取行业优点，掌握产品趋势和设计趋势，规划产品的定位、核心功能等；
5、对日常数据进行跟踪和研究，定期分析产品上线效果，掌握平台运行状况。
6、参与市场分析与需求调研，挖掘并梳理客户需求，输出高质量的基于现有技术手段的需求文档和产品原型，积极推进实施。

任职要求：
1、本科以上",http://m.51job.com/search/jobdetail.php?jobtype=0&jobid=86931017,86931017,2834917
文案策划,6-8千/月,7000,美莱医学美容医院有限公司,民营公司,150-500人,四川省成都市青羊区青华路31号,7695,2287,公共交通,2人 | 学历不限 | 工作经验不限,2017-04-10,"
						职位描述：
1、负责公司的产品文案、宣传文案、广告文案、活动方案、新闻稿件及各种软文稿件等的撰写；
2、关注医美行业以及社会化媒体发展动态，挖掘客户心理需求，策划创意文案和传播方式；
3、能根据实时重点新闻、事件相结合，做好及时有效推广方案 ；
4、协助营销策划系列产品、服务推广活动，参与活动执行。
任职要求：
1、大专以上学历，熟悉各种策划写作形式，能独立进行方案创作；
2、具备深厚、扎实的文字功底和较强的文字表现力，热爱文字编辑工作,思路清晰,文笔流畅；
3、熟悉医美行业，敢于创意，思维活跃，对营销需求有敏锐的洞察力；
4、能够高效率的完成工作，能承受强度",http://m.51job.com/search/jobdetail.php?jobtype=0&jobid=82711093,82711093,2412467
教育地产策划主管/专员,5-7千/月,6000,成都新尚置业集团有限公司,民营公司,500-1000人,人民南路四段一号成都数码广场,5252,1691,公共交通,1人 | 本科 | 工作经验不限 | 英语 精通,2017-04-10,"
						经历：2年以上工作经验，有房产文案策划工作经历者优先

技能：1、具备优秀的文字功底和文字表达能力、思维活跃，善于沟通，有较强的创新和策划能力
2、工作细致耐心，责任心强，具备良好的沟通能力及团队协作能力
3、熟练使用office办公软件

工作职责：1、准确把握国家最新政策条例和行业动态，撰写各类地块企划文案；
2、搜集、分析有价值的媒体资源及市场数据，及时把握动向并反馈重要讯息；
3、负责对接相关政府、合作方，洽谈合作方案及相关事项；
4、完成各种活动、会议的协调准备、执行工作；
5、完成上级交办的其他任务。						",http://m.51job.com/search/jobdetail.php?jobtype=0&jobid=85453151,85453151,3356547
新媒体运营专员/主管,5-7千/月,6000,成都新尚置业集团有限公司,民营公司,500-1000人,人民南路四段一号成都数码广场,5252,1691,公共交通,1人 | 大专 | 工作经验不限,2017-04-10,"
						经历：有2年以上相关工作经验（优秀者可适当放宽条件），对微博和微信运营成功案例者优先

技能：1、具有较强的新闻性、热点敏感性和较好的文案功底；
            2、有丰富的线上线下活动推广经验，了解新媒体特点，熟悉口碑营销的执行操作
            流程；
            3、网感好，创意优，执行力强，有良好的策略思考能力并能独立撰写方案，一定
            程度掌握图片处理软件；
            4、知识面广，思维活跃，工作主动，有责任感，能承受较大的工作压力；
            5、良好团队合作精神；较强的执行力，独立思考能",http://m.51job.com/search/jobdetail.php?jobtype=0&jobid=85546332,85546332,3356547
商管公司企划运营经理,7-8千/月,7500,四川华银达实业有限公司,民营公司,150-500人,武侯区航空路1号国航世纪中心B幢505,8185,2069,公共交通,1人 | 大专 | 3-4年工作经验,2017-04-10,"
						岗位职责：
1.负责招商、运营总体及分阶段的策划，负责组织策划和实施各类招商、运营工作，并了解实施效果提出调整建议；
2.组织补位招商项目产品策划和产品定位；
3.具备良好的文案功底和营销策划能力，思维敏锐，与媒介及广告企业有良好的合作关系；
4.具备对广告创作、平面设计良好的鉴赏能力，有良好的文学功底和美学素养；
5.根据项目营销策略计划，负责项目宣传推广、营销方案执行、活动组织、媒体联络、合作公司协调等工作，并确保执行效果；
6.能够组织和指导市场调研，具备先进的营销理念、较强的市场分析能力和应变能力，定期进行行业市场调查、业态环境调查、国家政策收集，形成调研分析报告。
任",http://m.51job.com/search/jobdetail.php?jobtype=0&jobid=86945226,86945226,2781473
微信运营岗,,',昆仑银行股份有限公司运营服务中心,国企,500-1000人,成都市顺城大街206号四川国际大厦,2381,1293,公共交通,1人 | 学历不限 | 工作经验不限,2017-04-10,"
						1.负责我行微信公众号日常内容编辑、发布、维护、互动；
2.开展针对我行产品或服务的专题宣传，提升我行品牌形象；
3.根据我行项目推广需求，撰写各类软文，负责策划微信线上及线下活动，建立有效运营手段提升客户活跃度；
4.策划撰写原创话题，吸增客户，提高影响力和关注度；
5.定期与客户进行互动，解答客户疑问，响应客户关切，提高微信公众号的服务能力；
6.开展数据分析，了解客户需求，为优化产品及服务提供参考。
任职资格：
1.大学本科及以上学历，了解银行业务，有微信、微博运营管理及相关工作经验者优先；
2.踏实肯干，工作细心，具有良好的理解能力和团队精神。善于沟通，思维活跃，具有良",http://m.51job.com/search/jobdetail.php?jobtype=0&jobid=87599225,87599225,3002468
策划专员,6-8千/月,7000,四川瑞信实业集团有限责任公司,民营公司,150-500人,锦江区滨江东路9号附9号香格里拉中心11楼,2524,1632,公共交通,1人 | 学历不限 | 工作经验不限,2017-04-10,"
						岗位职责：
1.协助所在项目的策划师进行项目策划执行工作，并与销售团队保持密切沟通。
2.项目策划功能：
（1）在主策划师的指导下，负责所在项目日常的报表及销售分析；
（2）负责项目日常的市场监控，并能在策划师的指导下完成小型的市调报告；
（3）在主策划师的指导下，完成周报、月报、小型活动等日常营销报告的撰写；
（4）独立完成竞争个案的初步分析；
（5）在主策划师的指导下，对项目操作过程中的物料提出合理的建议。
3.对外协调功能：与合作单位相关对接人沟通，及时传递信息。
4.定期或根据工作所需向上级汇报项目操作情况。
5.所属事业部营销总监或策划经理临时交办的各类事项及工作。
",http://m.51job.com/search/jobdetail.php?jobtype=0&jobid=64671429,64671429,2527429
计划运营主管,6-8千/月,7000,四川瑞信实业集团有限责任公司,民营公司,150-500人,锦江区滨江东路9号附9号香格里拉中心11楼,2524,1632,公共交通,1人 | 本科 | 3-4年工作经验,2017-04-10,"
						1.土木工程类、项目管理、房地产开发等相关专业；
2.5年及以上相关工作经验，其中2年及以上房地产运营管理经验，具有系统参与项目开发经验；
3.能够完成项目运营的目标设定、会议的组织、监控，项目计划的指定与监控，知识的管理等；
4.熟练操作Office软件、项目管理软件、办公自动化系统；
5.有较强的的沟通与组织协调能力，为人踏实稳重，性格开朗。

岗位职责：
1.集团年度经营计划及项目开发计划的拟定；
2.集团新项目立项的协调工作，组织开展定位策划、可研报告的拟定；
3.各项目土地前期模块的材料数据收集整理，以及该模块费用审批工作；
4.项目运营计划的跟进、",http://m.51job.com/search/jobdetail.php?jobtype=0&jobid=82547668,82547668,2527429
品牌推广专员（石油天然气公司）,6-8千/月,7000,中国国际能源控股有限公司四川分公司,民营公司,10000人以上,成都市青羊区上西顺城街三多里82号,2977,1465,公共交通,2人 | 大专 | 工作经验不限 | 普通话 ,2017-04-10,"
						岗位职责：
1、 根据公司项目营销方案，制定品牌建设方案、宣传广告方案等并组织实施；
2、 负责对广告媒体、公关活动单位的选择、监控和对广告宣传效果的评估；
3、 把关稿件撰写方向及稿件质量，以及稿件发布后的验收、检查；
4、 协助公司及各部门图片拍摄并负责收集整理好图片资料；
5、 对所有电子文件进行整理归档，并定期备份。计划并控制好设计的有关成本费用；
6、 开发和管理网络媒体资源，维护媒体关系，与媒体建立长期稳定的合作关系；
7、 提出传播形式创新建议；把控推广成本；
8、 完成上级领导安排的其它工作。
任职要求：
1.大学本科及其以上学历，35周岁以",http://m.51job.com/search/jobdetail.php?jobtype=0&jobid=85501101,85501101,2926554
华龙证券互联网金融部新媒体运营岗（驻成都）,4-8千/月,6000,华龙证券股份有限公司成都人民南路证券营业部,国企,1000-5000人,四川省成都市武侯区人民南路四段45号1栋1单元4楼1、8号,8020,1937,公共交通,2人 | 本科 | 3-4年工作经验,2017-04-10,"
						职位描述：
华龙证券互联网金融部新媒体运营岗，工作地点成都，负责公司微信、微博等新媒体的日常运营工作。

岗位职责：
1、负责移动互联网自媒体平台（微信、微博、手机终端为主）的日常运营及推广工作；
2、负责独立运营微信公众号，为粉丝策划与提供优质、有高度传播性的内容；
3、负责策划并执行微媒体营销线日常活动及跟踪维护，根据项目发送各种内容信息；
4、挖掘和分析网友使用习惯、情感及体验感受，及时掌握市场、新闻热点，有效完成专题策划活动；
5、紧跟新媒体发展趋势，广泛关注标杆性公众号、大V、微信群、QQ群，积极探索新媒体运营模式；
6、独立撰写各类稿件（新闻稿、综述稿、评论稿、专访",http://m.51job.com/search/jobdetail.php?jobtype=0&jobid=84351009,84351009,3990640
运营经理（连锁店）,5-8千/月,6500,四川幸福一川科宇科技有限公司,民营公司,150-500人,成都市双庆路10号万象城华润大厦21层,3871,1659,公共交通,1人 | 大专 | 8-9年工作经验,2017-04-10,"
岗位职责： 1、全面负责连锁店的营运管理工作，配合公司贯彻各项策略实施； 2、全面负责门店营运管理标准规范的培训与落地，协助并指导区域内门店在人员、物料、设备、清洁、安全操作、突发事件等方面所涉及的工作； 3、检查与稽核门店营运标准规范的执行； 4、巡店检查，发现问题及时回馈店长，并制定改善计划，同时监督其执行情况； 5、对店长及各级管理人员进行思想沟通及工作辅导，持续反馈，提高店内管理人员的整体管理能力，从而提升门店的各项指标； 6、负责与其社会相关职能部门及公司各职能部门进行沟通、协调，保障店面的正常运营； 7、做好各门员工的培训工作，提升服务质量； 8、宣传公司企业文化，增强员工凝聚力",http://m.51job.com/search/jobdetail.php?jobtype=0&jobid=81426053,81426053,3971941
新媒体运营专员/市场推广专员,,',“前程无忧”51job.com（成都）,外资（非欧美）,150-500人,成都市忠烈祠西街91号绿洲大酒店17楼,3277,1705,公共交通,1人 | 本科 | 无工作经验,2017-04-09,"
						岗位职责：
-针对公司不同产品线特点，制定市场推广计划
-针对B端市场，设计包装产品推介活动，并落地执行
-针对C端市场，利用各类媒体特别是新媒体资源，结合online和offline特点，进行不同产品线的推广策划活动，并落地执行
-协助设计、制定销售工具；协助设计、制定公司市场宣传资料
-收集竞争对手的情报，关注竞争对手的推广手段
-优质媒体资源的开发与合作
-控制预算

岗位要求：
-本科以上学历，市场营销、广告学、美术设计等相关专业
-欢迎优秀的应届毕业生
-熟悉新媒体传播规律，文笔好，有美术设计功底者优先
-具有较强的语言组织能力，团队协作能力",http://m.51job.com/search/jobdetail.php?jobtype=0&jobid=87807373,87807373,113581
宣传策划经理,4-8千/月,6000,成都优易数据有限公司,国企,150-500人,成都市郫都区菁蓉镇静园东路138号（附近）优易数据大厦3F,5212,2080,公共交通,1人 | 本科 | 3-4年工作经验,2017-04-10,"
						岗位职责：
1、活动策划：
（1）推广展示策划，组织实施，预算报销及效果评估报告；
（2）活动策划设计，组织实施，预算报销及效果评估报告；
（3）有大型活动策划及落地实施、以及应急预案的把控处理；
2、宣传推广：
（1）同业、竞争对手等相关市场研究，制定宣传品牌战略，明确定位及目标；
（2）品牌风险控制及危机公关；
3、企业文化：
（1）企业主题文化的建设、实施及形象监控；
（2）企宣用品策划制作，如企业宣传册、 内刊、门头、办公室氛围等；
（3）公司网站、微信、微博策划运营；
4、媒体对接：负责活动的媒体宣传，联系相关媒体团队，做好活动前期的宣传；维护好公司与媒体界的关系，为",http://m.51job.com/search/jobdetail.php?jobtype=0&jobid=85786172,85786172,4251557
策划经理/主管,,',成都华宇业瑞房地产开发有限公司,民营公司,500-1000人,成都市武侯区人民南路四段北12号华宇蓉国府写字楼21楼,7244,2050,公共交通,1人 | 大专 | 工作经验不限,2017-04-10,"
						任职要求：
1、25岁至35岁之间，经验丰富、能力出众者可适当放宽要求
2、市场营销、房地产经营管理等相关专业本科及以上学历
3、3年以上市场、销售相关工作经验，1年以上房地产行业同岗位工作经验
4、具有企业管理、市场营销、房地产营销管理、房地产市场策划、广告策划等相关专业知识
5、对房地产行业、客户和媒体具有较深理解，具备先进的营销理念，有较强的市场分析和应变能力
6、良好的沟通交往能力，敏锐的市场洞察力及市场开拓能力，组织协调能力强，具备团队管理能力						",http://m.51job.com/search/jobdetail.php?jobtype=0&jobid=43817574,43817574,2060326
CH9902策划师（6k-8k，优质项目，品牌开发商）,6-8千/月,7000,成都正合地产顾问股份有限公司,民营公司,1000-5000人,成都市东城根上街95号成证大厦2楼,4072,1689,公共交通,2人 | 学历不限 | 工作经验不限,2017-04-10,"
						品牌开发商——万科、保利、绿地等一线开发商！
平台与实力——西南顶尖策划团队、成功挂牌新三板
没有天花板——晋级11层通道可打拼！
持续培训期——228门内训课程可享受！

工作内容：
1） 项目主策，主导房地产项目的营销策划策略、广告、渠道、活动等工作
2）指导、带教辅策的工作，帮助团队专业成长
3）独立对接开发商，维护与开发商的关系

任职要求：
1）两年以上工作经验，较强的市场敏锐度，熟悉房地产营销运作、熟悉策划报告定作及策划工作流程，独立、全程操作1个以上房地产项目，有项目前期工作经验者优先；
2）较强的逻辑分析能力，书面及语言文字表达能力，沟通和协",http://m.51job.com/search/jobdetail.php?jobtype=0&jobid=86122973,86122973,1866778
策划主管/经理,6-8千/月,7000,四川北新大弘置业有限公司,民营公司,150-500人,四川省成都市武侯区人民南路四段19号威斯顿联邦大厦16楼,6964,1826,公共交通,2人 | 本科 | 5-7年工作经验,2017-04-10,"
						任职资格：
1、本科及以上学历，广告策划、市场营销、房地产专业优先；
2、具有从事集团文化旅游、康老项目工作经验，或具备与该岗位相同工作5年及以上主策经验者优先；
3、擅长策略和创意，表达能力强，文案工地强，善于沟通和组织协调；
4、有责任心，有一定的团队管理和协调能力。						",http://m.51job.com/search/jobdetail.php?jobtype=0&jobid=79241756,79241756,2897494
营销策划专员/活动策划专员,6-8千/月,7000,成都中软卓越,上市公司,1000-5000人,成都市,5212,2080,公共交通,若干人 | 学历不限 | 1年工作经验,2017-04-10,"
						岗位职责：
1、负责活动文案的策划、创意、撰写； 
2、负责对活动的成本审核、控制； 
3、负责各类活动的组织、执行、跟踪、总结； 
4、负责联系协作公司，洽谈、报价； 
5、负责统计分析，推广工作成果的收集及档案管理； 
6、建立、维护和拓展媒体、广告公司、制作公司等推广资源，形成资源库，组织相应资源在后期执行阶段的高效使用； 
7、独立完成市场调研工作，擅长项目营销环境分析； 
9、独立完成项目营销报告及阶段推广执行方案； 
10. 完成上级领导交办的临时性工作；

任职要求：
2、1年以上营销策划、广告推广、活动策划等相关工作经验，主笔过两个以上营销策划报告的撰写经验； ",http://m.51job.com/search/jobdetail.php?jobtype=0&jobid=87892093,87892093,4036358
品牌专员,4-8千/月,6000,高新区博恩家具经营部,民营公司,1000-5000人,成都各个家居商场均有,5212,2080,公共交通,5人 | 本科 | 工作经验不限 | 英语 良好,2017-04-09,"
						品牌五星级店面陈设                     

新人专业培训                                

设计销售及服务专业指导                

线上店面营销管理                   

任职资格：26-35岁，本科以上学历，英语6级以上
工作时间：一年以上工作经验

常住地：东莞，适应长期出差						",http://m.51job.com/search/jobdetail.php?jobtype=0&jobid=85927657,85927657,4050454
运营主管,6-8千/月,7000,上海小园香径化妆品有限公司,民营公司,500-1000人,成都市锦江区红星路三段16号正熙国际1610,1933,1048,公共交通,2人 | 大专 | 3-4年工作经验,2017-04-10,"
						林清轩正在创造中国护理品品牌的奇迹，如果在这个时候有您的加入，30年后回忆起来林清轩就是您的成就，而不仅仅是一份工作了。认为自己拥有时尚的气质和小资情调，喜爱环保天然的护理品，有志于从事中国自主品牌，对中高端百货化妆品专柜，大型购物中心品牌专门店有管理经验，擅长销售培训和营业员管理，熟悉百货商场沟通，气质时尚，年龄26-35岁大专以上学历，喜爱中华传统文化，认同林清轩所倡导的环保理念，孝敬父母者优先。
要求：
1、大专以上学历；
2、具有3年以上百货和购物中心销售管理经验（之前做过化妆品、珠宝、女装、女鞋、家纺、 奢饰品行业者优先考虑）；
3、年龄要求26-35岁之间，男女不限",http://m.51job.com/search/jobdetail.php?jobtype=0&jobid=65400117,65400117,3444588
商品运营主管,6-8千/月,7000,成都美尔贝网络科技有限公司,民营公司,150-500人,人民北路一段金牛万达甲级写字楼B座29楼,6985,2025,公共交通,1人 | 学历不限 | 3-4年工作经验,2017-04-10,"
						1、定期收集和监控市场及同行产品数据，进行市场预测分析和商品竞争力分析；

2、3、从用户体验出发，发现并挖掘出真正的后台商品体系存在的问题及可优化提升的点，同时形成解决方案并落地执行；

3、组织和规划每个季度每个月整体商品推广计划，对销售结果负责；

4、制定商品扩展策略，确定组合、系列、品类、及价格计划，优化商品结构并保证商品按时上线；

5、负责商品详情页的规划和落地，按时完成商品上下架，管理商品编辑团队，合理安排部门下属员工工作，做好团队建设及工作质效的管理

6、综合协调相关部门，确保商品部门的顺利运营。

我们希望你是这样的：（职位要求）


1、全",http://m.51job.com/search/jobdetail.php?jobtype=0&jobid=86187536,86187536,3662054
营销策划经理,6-8千/月,7000,成都大龙燚餐饮管理有限公司,民营公司,150-500人,望江路1号中海广场29楼,2577,1674,公共交通,1人 | 本科 | 3-4年工作经验,2017-04-10,"
						""1、配合公司餐饮品牌文案撰写、物料宣传文字；
2、给公司旗下个餐饮门店活动策划文案、PPT文案；
3、调研餐饮店周围消费群体，根据消费群体制定配套的活动方案，以及制作喷绘展架、灯箱DM单等；
4、负责线下活动营销，制作各个节假日相关的海报、展架,公司内外形象设计、包装文案，户外广告牌文案；
5、负责对公司微信平台、网站的宣传软文、活动策划、方案撰写；
6、负责完成公司总部及各餐饮门店的文字宣传任务；
7、配合完成相关创意的文字表现工作。　    ""
岗位要求：
1、年龄要求：25—40周岁；                                           ",http://m.51job.com/search/jobdetail.php?jobtype=0&jobid=87429611,87429611,3410312
PR活动策划主管,6-7千/月,6500,成都百伦投资有限公司,民营公司,1000-5000人,锦里中路12号彩虹商务大厦,4773,2006,公共交通,1人 | 学历不限 | 3-4年工作经验,2017-04-10,"
						岗位需求：
1、协助部门经理完成年度营销、公关等活动的组织策划、跟踪落实工作；
2、负责完成各种广告的创意文案、活动方案的撰写及新闻稿件的撰写与刊发；
3、开展同行业竞争对手的市调分析和消费群体的市调分析；
4、根据业务板块需要，与各类新闻媒介建立起良好的关系，提高品牌知名度。

任职资格：
1.大专以上学历；广告学、美术设计类相关专业（有同等学历的能力和经验也可）；
2.3年以上购物中心或百货公司企划工作经验，一年以上同等职位工作经验者优先；
3.熟练使用Corel DRAW、PHOTOSHOP等电脑设计软件者优先；
4.思维活跃，富有创意，有较强的理解领悟",http://m.51job.com/search/jobdetail.php?jobtype=0&jobid=85575523,85575523,2744779
品牌开发专员,8-10万/年,7500,成都蜀茂钻石有限公司,民营公司,500-1000人,成都市人民南路一段97号现代之窗,3596,1404,公共交通,1人 | 大专 | 1年工作经验,2017-04-10,"
						岗位职责：
  1、维护现有客户资源，开发新客户资源，了解把握行业内客户的动态（比如开新店，新店品牌等）；
  2、定期拜访客户，和客户沟通交流，同时帮助客户进行店面的选址等工作；
  3、和客户谈合作，开发新的客户加盟我们的品牌；
  4、与客户谈加盟合作后的系列工作的开展；
  5、协助品牌开发经理处理日常事务；
任职要求：
  1、限***，身高170CM以上，形象气质较好，性格开朗，善于谈判；
  2、吃苦耐劳，有责任心，可接受出差；
  3、有珠宝行业品牌开发经验的优先；
  4、有驾照，能熟练驾驶的优先；
薪资：8万-10万/年；
福利：节假",http://m.51job.com/search/jobdetail.php?jobtype=0&jobid=87776777,87776777,2536425
互联网营销策划人,0.5-1万/月,7500,四川中诚财富股权投资基金管理有限公司,民营公司,150-500人,成都市锦江区芷泉街时代8号2305室,1126,136,的士,1人 | 大专 | 3-4年工作经验,2017-04-10,"
						岗位职责：
1、了解互联网的特质，熟悉产品的运作和推广的各种方式，拥有成功的推广经验和良好的互联网资源。
2、敏锐的市场触觉及较强的观察力、判断力和应变能力，具有较强的网络营销的创意策划和整合能力，能通过各种网络推广方式实现网络营销战略；
3、独立策划线上、线下多渠道营销传播活动，负责创意、文案写作、落地、复盘等多个环节的执行，并对整个营销活动的结果负责
4、开展即时的借势营销，利用当下热点策划营销事件，提升粉丝和用户的参与感，有效拉取产品新用户
5、即时关注社交媒体最新趋势，分析行业特点、竞争情况和市场营销数据，提出针对性互动营销策略推广品牌；
6、能够跨品牌、跨",http://m.51job.com/search/jobdetail.php?jobtype=0&jobid=85516753,85516753,3944296
营销策划经理,6-9千/月,7500,四川泰丰集团有限公司,民营公司,150-500人,四川省成都市人民中路二段29号泰丰国际广场21楼,4579,1656,公共交通,1人 | 本科 | 3-4年工作经验,2017-04-09,"
						岗位职责：
1、组织参与公司各项目的策划及管理；
2、负责每月部门费用的预算、结算和报批工作；
3、撰写全程策划报告、定位报告、规划建议、执行报告；全面负责项目营销策划工作，进行项目的相关营销、定位策划，市场策划方案、广告方案的撰写与编制，项目销售方案的制定与实施，项目可行性研究，完成项目投资预算、产品策划定位报告；
4、负责制定项目营销策划方案和销售计划，负责营销活动的策划、组织以及实施；
5、负责公司品牌形象策划以及品牌管理；
6、负责向政府申报项目各类补贴计划的相关手续；
7、负责对销售及策划进度进行动态掌控；
8、组织对目标市场进行调查分析，准确把握消费者的消费需求和消",http://m.51job.com/search/jobdetail.php?jobtype=0&jobid=82447114,82447114,4027017
文案策划4500+,5-8千/月,6500,成都蜀都乳腺医院,民营公司,150-500人,成都市青羊区八宝街130号,5324,1928,公共交通,2人 | 学历不限 | 3-4年工作经验,2017-04-10,"
						岗位要求：
1、负责撰写医院策划的相关活动方案；
2、撰写医院对外和内部宣传资料文案；
3、杂志报纸文章的新闻性软文、广告语设计等；
4、与企划主任进行项目策划探讨，并进行撰文创意。

任职资格：
1、本科以上学历，营销、新闻、广告、中文等相关专业；
2、2年以上民营医院或大中型公司创意文案经验；
3、精通策划创意、文案撰写等，具备创意/策略协调相互发展的能力；
4、具备良好的团队合作意识及较强的思维能力和出色的文字表达能力。

一经录用待遇从优，优良的晋升空间+富有竞争力的薪酬						",http://m.51job.com/search/jobdetail.php?jobtype=0&jobid=85120407,85120407,2314707
电商运营,4-8千/月,6000,成都杂志铺信息技术有限公司,民营公司,150-500人,成都市高新区天府大道1366号天府软件园E8栋405号(美年广场旁，地铁天府五街站B出口）,12495,2447,公共交通,3人 | 大专 | 2年工作经验,2017-04-10,"
						工作职责：
1、运营淘宝达人账号（母婴、美食类目）的多个渠道；淘宝头条、必买清单、亲宝贝等；（每个渠道都有相应的编辑团队成员），提高账号的粉丝数、粉丝活跃度、指数分、内容质量分；
2、运营阿里V任务，发布、交付阿里V任务，并将V任务星级维持到4.7以上；制定每月任务计划，按周推行并达成目标；
3、拓展、维系及管理商家资源：拓展母婴、美食类的商家资源，并对其进行分类整理、日常维系，引导商家积极报名参与我们发起的各项活动；
4、获取淘宝达人官方信息；与官方小二保持密切沟通，在各种旺旺群、钉钉群、微信群、公众号、官方论坛等获取第一手信息，并传达给团队所有成员；

岗位要求：
1、对淘",http://m.51job.com/search/jobdetail.php?jobtype=0&jobid=87767212,87767212,3490636
策划主管,6-8千/月,7000,四川嘉宝资产管理集团股份有限公司成都分公司,上市公司,1000-5000人,四川成都,,,,若干人 | 大专 | 工作经验不限,2017-04-09,"
						岗位职责：
1、负责业务营销策划方案编写；
2、负责营销活动执行及过程监督；
3、负责业务品牌线上线下设计包装及推广；
4、负责对联业务品牌广告制作

任职资格：
1、大专及以上学历，熟练使用office办公软件（ppt运用熟练）；
2、具备较强的文案功底，协调沟通能力强；
3、具备一定的平面设计能力；
4、有app推广能力者优先。
联系人：钱老师 15982288431						",http://m.51job.com/search/jobdetail.php?jobtype=0&jobid=85140519,85140519,3960245
卓锦城Mango中心-策划师（区域稀缺商业，去化快）,6-8千/月,7000,四川新港联行置业股份有限公司,民营公司,150-500人,成都市猛追湾街166号成都339（欢乐颂）B栋14楼,1390,1158,公共交通,1人 | 大专 | 工作经验不限,2017-04-10,"
						因公司项目工作开展所需，现招聘商业地产策划师，岗位信息如下：

【岗位职责】
1、负责项目营销策划工作；
2、独立操作项目，需执笔写方案；
3、收集市场信息，提供策划报告；

【任职资格】
1、3年以上相关工作经验，有写字楼、酒店、商铺等成功策划案例。
2、能独立运作地产项目前期、中期及后期策划工作。
3、能独立完成项目资料的撰写。包括策略报告（市场调研、项目定位、土地分析报告等）及房地产项目营销策划方案等。
4、沟通能力、协调能力强，具有良好的团队合作精神和高度的责任感。						",http://m.51job.com/search/jobdetail.php?jobtype=0&jobid=76200488,76200488,2001011
品牌推广经理/主管,6-8千/月,7000,成都美景舒适家居有限公司,民营公司,1000-5000人,成都市,5212,2080,公共交通,2人 | 本科 | 3-4年工作经验,2017-04-10,"
						岗位职责
1、公司品牌的管理与推广
2、销售类活动的创意、策划与执行
3、媒体的选择、投放以及关系维护
4、带领和管理好本小组员工，完成部门制定的工作目标，并在工作中形成良好的氛围
岗位要求
1、年龄：25——35岁
2、本科及以上学历
3、3年以上市场或媒体工作经验，2年以上主管工作经验
4、具有较强的公关能力、市场策划能力、品牌管理能力、演讲能力、影响力
税后薪资：8000——10000元/月

亦可于2016年11月19日和20日至新会展中心现场招聘会面试，展位号：8C134S						",http://m.51job.com/search/jobdetail.php?jobtype=0&jobid=61368365,61368365,2496994
高级策划经理（项目策划、前期策划）,6-8千/月,7000,成都易居西部不动产投资顾问有限公司,民营公司,150-500人,成都市青羊区提督街99号恒大中心24楼,2244,1185,公共交通,3人 | 大专 | 3-4年工作经验,2017-04-10,"
						岗位要求：
1、能掌握项目策划方向、目标，能独立执行项目策划并执行；根据项目的特点完成销售条件的筹备建议及准备工作。
2、带领团队完成各个销售节点的策略方案及执行；同时带领团队完成持续销售期活动方案及执行。
3、掌握市场、竞品、推售、项目问题预期及时动态，制定对策方案。
4、根据工作需要调整团队作业模式，合理、高效的调配团队人员工作；
5、制定带教方案、指导策划师制定带教方案并执行；做好日常策划工作中数据、物品、台账等资料管理的监督；配合公司进行策划职能的管理与培训。
6、组织策划组内成员日常团队建设，技术交流等。
任职要求：
1、本科及以上学历，具有3年以上同业相关工作经验。",http://m.51job.com/search/jobdetail.php?jobtype=0&jobid=51758532,51758532,2010455
市场文案策划/客户经理,6-8千/月,7000,成都清渊健身有限公司,民营公司,150-500人,成都市高新区天府大道北段8号苏宁广场（火车南站交通枢纽旁）6F 清健身,9686,2469,公共交通,1人 | 学历不限 | 3-4年工作经验 | 英语 熟练 | 普通话 良好,2017-04-10,"
						本岗位为代招！
Who  is  x-ray  mind  communication?  
吴念真说:“我人生最大的愿望就是跟多数人沟通。”  
如果碰巧你喜欢戏剧,喜欢吴念真的绿光剧团,你一定能明白我们想说什么。  
我们是[四川绿光新语文化传播有限公司],我们专注成为跨国企业在西区专业、信任, 建立长期合作关系的公关营销伙伴。
作为一支致力于服务外企的营销推广团队,我们是阿迪达斯、星巴克、必胜客、李维斯、 清健身等品牌在西区／华中区长期合作伙伴。我们每天都在学习如何跟这些行业中的大牌沟通,  也在不断的沟通中收获与成长。  ? 
如果你喜欢沟通,觉",http://m.51job.com/search/jobdetail.php?jobtype=0&jobid=80462558,80462558,2616793
资深策划文案,6-8千/月,7000,成都欧际餐饮管理有限公司,民营公司,500-1000人,锦江区东大街芷泉段6号时代一号19楼02号,1309,1349,公共交通,1人 | 大专 | 3-4年工作经验,2017-04-09,"
						策划文案
1、执行企业品牌、产品、企业文化的概念提炼、文案撰写；
2、执行企划部的策划方案的文案撰写、编辑；
3、负责公司文案、行政文书、会议、手册、软文等文字类工作撰写与编辑；
4、负责董事长、总经理的文字类工作的撰写与编辑；
5、公司其他文字类工作；
任职资格
1、26岁以上，男女不限，大专以上学历（传播、文学、市场营销、行政管理等类专业优先）；
2、二年以上工作经验（从事董助、策划文案、行政秘书、编辑等类别的工作经验优先）；
3、优秀的文字表达、总结能力，熟悉操作各项电子办公软件（PPT能力必须强）的撰写能力；
4、追求完美、执行力强、思维活跃、有创造",http://m.51job.com/search/jobdetail.php?jobtype=0&jobid=86528418,86528418,3401869
区域运营经理,0.6-1万/月,8000,成都翼联科技有限公司,民营公司,150-500人,成华区万科华茂广场22楼,6292,2407,公共交通,3人 | 大专 | 2年工作经验,2017-04-10,"
						岗位职责：
1、负责所在区域的现场管理，协助总部完成所在区域的运营以及平台运营；完成所在区域类的业绩指标，商家、粉丝KPI指标，完成所在区域的年度目标；
2、负责所在区域的商家拓展及运营，产品及微信公众号的推广及运营，衔接协调运营商及互联网渠道的资源开展运营工作；
3、协助商家和粉丝推广负责人管理地推团队或代理商团队。
任职要求：
1、年龄25-30岁，大专及以上学历；
2、具有互联网业务推广经验，有O2O、B2C电商平台商家推广及运营工作经验者优先；
3、具备较强的学习能力，能够快速熟悉和掌握公司产品；
4、具备较强的对外沟通能力，能通过对客的调研及沟通，挖掘",http://m.51job.com/search/jobdetail.php?jobtype=0&jobid=85923625,85923625,2834917
房地产营销策划文案,5-8千/月,6500,四川红泰房地产开发有限公司,民营公司,500-1000人,成都市清江东路8号清江花园综合楼四楼,6516,1976,公共交通,1人 | 本科 | 5-7年工作经验 | 英语 熟练,2017-04-10,"
						职责：
1、负责公司及项目媒体文案、宣传资料的撰写工作；
2、负责媒体的沟通、协调、管理及关系维护工作；
3、负责项目网站内容策划工作；
4、负责项目网站、广告发布内容的收集刊登工作；
5、负责项目网站的新闻部分摘录更新工作；
6、负责相关文案资料整理、归档工作；						",http://m.51job.com/search/jobdetail.php?jobtype=0&jobid=81474317,81474317,198166
商业地产策划师,6-8千/月,7000,四川新港联行置业股份有限公司,民营公司,150-500人,成都市猛追湾街166号成都339（欢乐颂）B栋14楼,1390,1158,公共交通,5人 | 大专 | 2年工作经验,2017-04-10,"
						因公司项目工作开展所需，现招聘商业地产策划师，岗位信息如下： 

【岗位职责】
1、负责项目全程策划工作； 
2、独立操作项目，需执笔写方案； 
3、收集市场信息，提供策划报告； 

【任职资格】
1、3年以上相关工作经验，有写字楼、酒店、商铺等成功策划案例。 
2、能独立运作地产项目前期、中期及后期策划工作。 
3、能独立完成项目资料的撰写。包括策略报告（市场调研、项目定位、土地分析报告等）及房地产项目营销策划方案等。 
4、沟通能力、协调能力强，具有良好的团队合作精神和高度的责任感。 

【薪资福利】底薪+提成+社保+公积金+其它福利（8-12万/年）						",http://m.51job.com/search/jobdetail.php?jobtype=0&jobid=35573153,35573153,2001011
策划师,6-8千/月,7000,成都佳爱年华金色养老服务有限公司,民营公司,150-500人,成都市金牛区蜀汉路359号10栋1层2号,10653,2312,公共交通,1人 | 本科 | 3-4年工作经验,2017-04-10,"
						岗位职责：
1、	跟据市场信息及行业动态，需找活动亮点，宣传公司的产品和形象；
2、	撰写各种公关活动方案、负责各类商业活动的策划；
3、	根据活动方案，整理和收集素材，设计相关的宣传物料；
4、	协助部门领导对具体的活动进行实施、协调和把控；
5、	对实际活动效果进行评估并编制活动报告；
6、	协助部门领导，负责网络、新闻媒体对接工作。
任职要求：
1、本科以上学历，2年以上活动策划工作经验；
2、文字功底好，表达能力强，有创意点子，脑筋比较灵活；
3、能使用相关的设计软件、比较精通Photoshop。

公司福利、发展平台：
1、	有竞争力的薪酬、福利体系；
2、	完备的培",http://m.51job.com/search/jobdetail.php?jobtype=0&jobid=86151336,86151336,4153927
活动策划专员,6-8千/月,7000,上海易贷网金融信息服务有限公司,民营公司,150-500人,锦江区东华门正街42号四川广电国际大厦25楼,2429,1333,公共交通,若干人 | 学历不限 | 工作经验不限,2017-04-10,"
						工作内容祥述：    　
1、铺排成都市可利用的企业资源，置换免费和低费用的企业宣讲会，供产品/品牌宣传使用；
2、公关活动策划并对接执行落地活动。
3、管理监督公司市场拓展费用预算与使用，严格控制费用以及本部门管理事项
4、与合作方展开线上活动合作，对执行过程进行全程监控指导；
5、完成领导交办的其他任务。
任职要求：
1：2-6年以上活动策划执行相关经验，具备广告公司及互联网行业就业经历尤佳。
2：有大型活动策划及推广经验，有2-3场独立策划的活动方案。
3：有品牌公关活动经验者优先考虑。
?4：性格开朗，创意脑洞大，执行认真且主动。						",http://m.51job.com/search/jobdetail.php?jobtype=0&jobid=85515586,85515586,4129125
营销策划专员,4-8千/月,6000,成都利群通讯有限责任公司,民营公司,1000-5000人,成都市太升南路49号中国电信11楼,2248,1187,公共交通,1人 | 大专 | 3-4年工作经验,2017-04-10,"
						岗位职责：
1、负责对接电信公司：掌控电信业务和政策、对接手机厂商：了解手机销售政策等；
2、负责对接各零售公司及营业厅：支撑管理厅店运营和营销；
3、负责制定公司产品的销售政策、活动方案、提成方案等。
任职要求：
1、年龄：24—30岁；
2、学历：大专以上学历，广告设计类、营销类相关专业优先；
3、经验要求：1年以上营销策划相关经验，对会员营销、微信营销有一定了解，有通讯行业相关工作经验优先；
4、能力要求：具备较强沟通、协调、分析和判断能力以及对活动的组织、掌控能力。						",http://m.51job.com/search/jobdetail.php?jobtype=0&jobid=87931441,87931441,2534321
资深策划/,6-8千/月,7000,成都九龙医院,民营公司,150-500人,成都市青羊区八宝街19号,4478,2060,公共交通,3人 | 大专 | 3-4年工作经验,2017-04-10,"
						1、新闻、广告、传媒、营销等相关专业，大专以上学历； 2、3年以上广告策划推广工作经验，5年以上医疗行业同等岗位工作经历； 3、熟悉医疗行业的营销运营模式与发展趋势，把握市场动态及方向，有较强的市场分析、判断能力和营销意识，能策划、组织有效的推广计划及宣传工作，具有较强的全案策划及实施能力，思路新颖，创意独特，并有知名品牌运作和策划工作案例；  4、熟悉医疗广告业务运作规律、流程和特点、医疗广告政策、法规及制度，并具备相关知识； 5、具有独立开展工作的能力、较强的团队管理、协调与沟通、人际关系维护能力、责任心强、有较强的观察力、分析判断力和应变能力，能带领团队出色的完成工作任务",http://m.51job.com/search/jobdetail.php?jobtype=0&jobid=85820222,85820222,2415965
运营经理、主管,5-8千/月,6500,四川北新大弘置业有限公司,民营公司,150-500人,四川省成都市武侯区人民南路四段19号威斯顿联邦大厦16楼,6964,1826,公共交通,1人 | 大专 | 3-4年工作经验,2017-04-10,"
						任职资格：
1、大专以上学历；
2、3年以上相关独立运营经验；
3、熟知B2B业务；
4、热爱互联网、对新生事物及事件充满兴趣，能够及时抓住社会热点话题，具有创造性思维，有一定的创新能力；
5、优秀的文字驾驭能力，熟悉网络语言写作特点，善于捕捉各类热门网络热词，有较强的营销意识；
6、目标感强，具有良好的数据分析能力。
肉食交易运营平台。						",http://m.51job.com/search/jobdetail.php?jobtype=0&jobid=87583984,87583984,2897494
策划师,6-8千/月,7000,成都日新伟业置业有限公司,民营公司,150-500人,成都市锦江区下东大街216号喜年广场44F,1392,1046,公共交通,若干人 | 学历不限 | 工作经验不限,2017-04-10,"
						岗位职责：
1.负责协助项目主策开展项目策划工作；
2.负责项目周报、月报的拟写和汇报；
3.负责区域市场、竞品的跟踪调查；
4.负责项目交办的其它策划工作。

任职资格：
1、1年以上房地产工作经验， 具备良好的地产项目营销策划及文字表达能力；
2、协助参与过大型房地产项目定位、营销、策划；
3、具有很强组织、协调、管理能力，有操作项目的工作经验；
4、沟通能力、逻辑思维能力、抗压力强。						",http://m.51job.com/search/jobdetail.php?jobtype=0&jobid=83288907,83288907,3452542
助理分析员（前期策划方向）,4-8千/月,6000,第一太平戴维斯物业顾问（成都）有限公司,外资（非欧美）,500-1000人,成都市人民南路二段1号仁恒置地广场2106室,4234,1528,公共交通,若干人 | 学历不限 | 2年工作经验,2017-04-10,"
						1、 Accuracte collect market and land information independently                                                   
2、 Able to assist senior in research/briefing/APIQ/ writing                                                                           
3、 Drafting quality market section/case stu",http://m.51job.com/search/jobdetail.php?jobtype=0&jobid=71994961,71994961,2047997
服务运营专员（成都）,,',上海华讯网络系统有限公司,国企,1000-5000人,成都市滨江东路9号香格里拉中心办公楼4层405B、406、407A单元,2540,1645,公共交通,若干人 | 本科 | 2年工作经验 | 英语 良好,2017-04-09,"
						基本职责：
－对TAC中心日常运营中的case进行控制、协调、监督和管理；
－对客户、销售、工程师进行协调，解决客户网络问题；
－协助对服务流程、系统工具、组织建设、运营机制等提出建议，辅助优化工作。

专业能力要求：
－计算机或通信工程等相关专业本科以上学历；
－良好的英语听说读写能力；
－三年左右网络行业相关工作经验，具有两年以上运维项目管理相关经验尤佳；
－有优秀的综合解决问题能力，有良好的沟通，协调，统筹，管理能力。						",http://m.51job.com/search/jobdetail.php?jobtype=0&jobid=84047575,84047575,119769
市场策划,6-8千/月,7000,太平人寿保险有限公司四川分公司,国企,1000-5000人,成都市青羊区顺城大街308号冠城广场,3574,1706,公共交通,若干人 | 本科 | 工作经验不限,2017-04-10,"
						1、撰写品牌策略、推广传播方案、大型活动策划方案。2、按方案之所需收集各类相关资料、协助主管撰写营销方案。3、独立完成项目企划案、文笔流畅、创意策划能力独特，切实可行。4、开发新客户、配合主管完成公司销售任务。5、常态化促销活动的传达和监督采集。6、终端竞品信息及行业信息的收集整理。 ",http://m.51job.com/search/jobdetail.php?jobtype=0&jobid=87856044,87856044,3940381
运营主管,6-8千/月,7000,四川云在天上科技有限公司,民营公司,150-500人,成都市武侯区人民南路四段48号首座C座22层,8384,2228,公共交通,2人 | 学历不限 | 工作经验不限,2017-04-10,"
						特别说明：本岗位为集团总部职位（四川科威龙奥集团）

（一）工作职责：
1、负责公司天猫店铺及其它电子商务平台的总体运营，带领所属运营
团队实现营销目标，完成公司下达的销售目标；
2、负责店铺整体规划、营销、推广、客户关系管理等系统经营性工作；
3、负责店铺日常改版策划、上架、推广、销售、售后服务等经营与管理工作；
4、负责店铺日常维护，保证店铺的正常运作，优化店铺及商品排名；
5、负责执行与配合公司相关营销活动，策划店铺促销活动方案；
6、负责收集市场和行业信息，提供有效应对方案；
7、负责监控订单发货、中差评、投诉及退款等事宜；
8、每日监控的数据：营销数据、交易数据、商品",http://m.51job.com/search/jobdetail.php?jobtype=0&jobid=87564261,87564261,3643609
新媒体运营专员,6-8千/月,7000,上海易贷网金融信息服务有限公司,民营公司,150-500人,锦江区东华门正街42号四川广电国际大厦25楼,2429,1333,公共交通,1人 | 学历不限 | 工作经验不限,2017-04-10,"
						工作内容详述：    　    
1、负责品牌宣传稿的撰写及发布；    
2、负责公众号公告等稿件的撰写及发布；    
3、协助参与平台活动策划；    
4、协助其他同事及其他部门开展相关工作。
任职要求：    
1、本科及以上学历，优秀者可适度放宽；
2、有一年以上新媒体运营经验（有公众号运营经验尤佳），思维活跃，有一定的创新精神；
3、有相对独立成熟的价值观，有相对独特的观察视角，逻辑清晰；
4、有较强的文字功底；
5、语言表达能力出众；
?6、可适应加班。						",http://m.51job.com/search/jobdetail.php?jobtype=0&jobid=87635982,87635982,4129125
品牌宣传,6-8千/月,7000,深圳普惠快信金融服务有限公司,民营公司,5000-10000人,成都市武侯区人民南路4段3号来福士广场T1-22楼,5531,1914,公共交通,若干人 | 学历不限 | 工作经验不限,2017-04-10,"
						岗位职责：
1、	公司品牌宣传与推广的创意策划、文案撰写，公司新闻稿件和媒体软文的编辑与撰写
2、	公司网站、app、贴吧、微信公众号等线上平台中品牌宣传推广以及线上引流工作
3、	参与品牌在线推广活动的策划与实施，负责项目的信息收集、策略分析、方案拟定、提案制作等工作
4、	市场调查与行业动态分析，并提出应对策略
5、	各类宣传品所需文字内容的组织和整理

任职要求：
1、	本科以上学历，市场营销、中文、广告公关或者媒体专业优先；
2、	具有较好的文字功底和文案策划能力，有新媒体运营经验；
3、	具有良好的活动策划能力，熟悉方案的设计与撰写力
4、	高度的",http://m.51job.com/search/jobdetail.php?jobtype=0&jobid=86609668,86609668,3506133
品牌及市场主任（VIP活动）,6-8千/月,7000,九龙仓中国置业有限公司 WHARF CHINA ESTATES LIMITED,外资（非欧美）,500-1000人,成都市红星路三段1号成都国际金融中心1号写字楼9楼,1491,1034,公共交通,1人 | 本科 | 3-4年工作经验 | 英语 良好,2017-04-10,"
						岗位职责:
1. 负责VIP会员活动的组织策划及现场执行；
2. 对VIP会员活动进行效果分析，完成会员活动的结果反馈；
3. 负责租户品牌推广与维护工作；
4. 协助拓展VIP会员权益拓展及运营管理；
5. 协助拓展异业合作；
6. 完成上级交代的其他工作。

任职要求:
1. 大学本科以上学历；
2. 3年以上品牌及市场工作经验或4A广告公司客户经理经验；
3. 具有一定艺术和文学修养，思维活跃、善于创新，市场敏感度高；
4. 在当地拥有广泛的供应商和合作伙伴资源；
5. 思路清晰，具有良好的沟通协调能力及团队合作精神。						",http://m.51job.com/search/jobdetail.php?jobtype=0&jobid=86715285,86715285,2656879
营销策划,4-8千/月,6000,成都万科房地产有限公司,民营公司,150-500人,成都市静安路1号万科城市花园98栋1座,6292,2407,公共交通,若干人 | 大专 | 工作经验不限,2017-04-10,"
						1.熟悉各类传统媒体与新媒体的推广模式 2.具有良好的洞察力与创造力，能有效的退出策略与方案 3.具有良好的品牌意识与鉴赏力，还能把控各类推广物料的品质及效果 4.优秀的文字功底和文案制作能力 1.整合各种媒介推广渠道与资源，提出有效的推广策略与方案 2.从推广的角度配合公司各类销售活动、专题活动的开展，持续吸引客群的关注 3.制定合理的推广计划并组织实施 4.审核各类推广文字、图片和物料，保障推广效果 5.参与项目整体营销策略的制定和执行						",http://m.51job.com/search/jobdetail.php?jobtype=0&jobid=78052933,78052933,2151571
策划经理,6-8千/月,7000,成都易居西部不动产投资顾问有限公司,民营公司,150-500人,成都市青羊区提督街99号恒大中心24楼,2244,1185,公共交通,3人 | 大专 | 工作经验不限,2017-04-10,"
						岗位职责：
1、负责项目开发前期策划工作，如项目定位分析，区域市场市调；
2、具有公关活动，组织能力，精通推广活动运作能力；
3、协调能力强，善于文字表达和语言沟通，具备美术和平面功底更佳；
4、负责对项目销售及策划的日常工作。
岗位要求：
1、大专及以上学历，男女不限，形象气质佳；
2、有2年以上策划工作经验；
3、抗压能力强，积极上进，对工作有激情；
4、沟通协调能力强。						",http://m.51job.com/search/jobdetail.php?jobtype=0&jobid=85376820,85376820,2010455
文案策划,6-8千/月,7000,上海易贷网金融信息服务有限公司,民营公司,150-500人,锦江区东华门正街42号四川广电国际大厦25楼,2429,1333,公共交通,1人 | 学历不限 | 工作经验不限,2017-04-10,"
						工作内容祥述：   　
1：负责集团各重要品牌的文案梳理、策划、编辑；
2：协助公关总监策划公关文案；
3：与外部合作机构接洽沟通文案撰写、发布等相关需求
4：与公司其他部门协作，做好内容运营工作
5：完成领导交办的其他任务。
任职要求：
1、本科及以上学历，中文、新闻、财经、金融等专业背景优先；
2、 有较强的沟通能力，可以在沟通中迅速捕捉核心要点；
3、 有较强的文字功底，有准确表达的能力，熟练掌握各类题材稿件的写作；
4、 有一定的金融和财经知识储备，有金融从业经验者优先；
?5、 有财经媒体采编工作经验者优先。						",http://m.51job.com/search/jobdetail.php?jobtype=0&jobid=85515960,85515960,4129125
文案策划,5-8千/月,6500,四川传承生物医药科技有限公司,民营公司,150-500人,成都市青羊区东华正街33号华顺大厦6楼,2362,1279,公共交通,1人 | 大专 | 1年工作经验,2017-04-10,"
						岗位职责：
1.负责公司整体文案与活动策划，相关网络及市场营销渠道的 文案策划等工作
2.负责策划设计产品文案。产品包装及说明书的撰写，分析各类型产品。
3.根据销售状况确定产品促销方案。促销产品和促销资源的分配页面的改版，设计活动文案。
4.负责公司产品与 品牌的注释文案策划，品牌风格，定位，品牌故事，独特优势特色及差异性?
任职职格：
1.文字撰写能力强。
2.有养生保健品行业文案策划一年以上工作经验以上者优先						",http://m.51job.com/search/jobdetail.php?jobtype=0&jobid=71975029,71975029,2534958
互联网运营经理,6-8千/月,7000,红星美凯龙国际家居连锁（四川区域）,民营公司,500-1000人,常州,9292,2120,公共交通,2人 | 大专 | 工作经验不限,2017-04-10,"
						1.	负责区域内商场店铺的上线管理及日常和活动运营工作；
2.	负责管理及考核区域内商场所有店铺的上线开店、合同签署、费用缴纳；
3.	负责组织区域商场内商户线上店铺的系统操作，含店铺装修、商品录入与发布、促销的发起与订单的管理等；
4.	负责区域内商场日常线上促销活动等的策划、发起与组织；
5.	负责对区域内商场营业人员（导购员）的上线率、回复率的考核与管理
6.	及时并准确完成集团相关信息化管理系统（ERP系统：SAP、PS、OMS等）的维护；
7.完成上级领导交办的其他工作。
任职要求：
1.大专以上学历，市场营销或管理类相关专业优先考虑；
2.1年以上互联网行业运营管理",http://m.51job.com/search/jobdetail.php?jobtype=0&jobid=87328471,87328471,2656972
品牌运营专员（石油天然气公司）,6-8千/月,7000,中国国际能源控股有限公司四川分公司,民营公司,10000人以上,成都市青羊区上西顺城街三多里82号,2977,1465,公共交通,4人 | 大专 | 5-7年工作经验 | 普通话 ,2017-04-10,"
						岗位职责：
1、全面负责企业品牌运营与相关服务工作；
2、建立并维护公司品牌的政府关系、媒介、行业协会等关系，为品牌形象塑造与传播建立良好的社会环境；
3、协助领导处理品牌负面新闻及危机事件，力求消除或将负面影响降至最低，从而维护品牌形象；
4、开展以行业为主的优秀企业宣传网站分析对比、提出优化方案或建议；
5、对广告文案、设计进行把控，对广告的投放进行监督数据，汇总以及效果分析；
6、根据市场中心的需求，进行针对销售项目的个案地面推广支持；
7、完成上级领导安排的其它工作。
任职要求：
1.大专或以上学历，35周岁以下，营销、广告、新闻、中文、公共关系等相关",http://m.51job.com/search/jobdetail.php?jobtype=0&jobid=85499650,85499650,2926554
华龙证券互联网金融部APP运营岗（驻成都）,4-8千/月,6000,华龙证券股份有限公司成都人民南路证券营业部,国企,1000-5000人,四川省成都市武侯区人民南路四段45号1栋1单元4楼1、8号,8020,1937,公共交通,2人 | 本科 | 3-4年工作经验,2017-04-10,"
						职位描述：
华龙证券互联网金融部运营岗，工作地点成都，负责公司APP的日常运营工作。

岗位职责：
1、负责公司App运营，能有效提高App的MAU和ARPU指标；
2、能运用不同的运营策略完成用户拉新，熟悉各类营销渠道效果；
3、熟悉用户生命周期管理，可对不同用户差异化服务，刺激用户活跃并降低流失率；
4、从运营角度，为产品设计和产品流程提出合理化建议并跟踪效果；
5、充分了解App用户需求，收集用户反馈，分析用户行为及需求，针对运营数据监控、跟踪和反馈。
6. 建立线上运营的内部管理制度、规范和业务流程。

任职资格：
1、本科及以上学历，有良好的产品营销策划能力或数据分析",http://m.51job.com/search/jobdetail.php?jobtype=0&jobid=84351006,84351006,3990640
XZ5504活动策划经理/专员（上市集团、发展空间大）,6-8千/月,7000,成都正合地产顾问股份有限公司,民营公司,1000-5000人,成都市东城根上街95号成证大厦2楼,4072,1689,公共交通,2人 | 学历不限 | 工作经验不限,2017-04-10,"
						岗位职责
1、根据公司目标、产品定位，策划线上、线下相关活动，提升用户量、活跃量、业务发起量、口碑宣传等。
2、负责公司产品端整体的活动策划及执行，包含PC端网站、APP的活动策划及方案执行；
3、善于分析用户需求及心理，并对舆论热点有高敏感度，独立进行策划、包装，完成方案、文稿撰写，并有效推进项目执行，以达到项目预期的传播目标。
4、通过更多互联网媒介、资源（包括论坛、微信、微博）进行事件策划与执行管理并带来用户量的转换。
5、与公司技术、产品等部门高效配合，为线上用户带来良好的活动体验，至活动完成；
6、跟踪分析活动的实施效果，并及时优化调整，改善用户体验及活动",http://m.51job.com/search/jobdetail.php?jobtype=0&jobid=86768915,86768915,1866778
运营助理,6-8千/月,7000,成都同道金服信息技术咨询有限公司,民营公司,150-500人,成都国际节能大厦B座23楼（成都市吉泰一街99号）,6567,2132,公共交通,1人 | 大专 | 1年工作经验,2017-04-10,"
						岗位职责：
1. 负责互联网金融p2p平台（微信,网站）的文案撰写，编辑制作、专题策划、推广维护等工作；
2. 定期策划并执行运营活动，不断提升用户量、关注度和活跃度；
3. 检测并分析新媒体运营数据，及时调整和优化内容；
4. 协助市场各方面推广活动的线上策划；
5、QQ群等社群运营。
任职要求：
1. 专科以上学历，有1年以上新媒体运营经验，有相应渠道资源者优先；
2. 熟悉微信、微博等新媒体的产品功能、特性、运营模式；
3. 对网络传播高度敏感，思维活跃，能够第一时间了解互联网动态，抓住传播热点；
4. 有专业的文案基础、深厚的文字功底和丰富的想象力、",http://m.51job.com/search/jobdetail.php?jobtype=0&jobid=87224694,87224694,4316387
运营主管,6-8千/月,7000,深圳普惠快信金融服务有限公司,民营公司,5000-10000人,成都市武侯区人民南路4段3号来福士广场T1-22楼,5531,1914,公共交通,若干人 | 学历不限 | 工作经验不限,2017-04-10,"
						岗位职责：1、负责协助经理进行各部门沟通，确保部门事项顺利进行
          2、制定公司年度、季度、月度的销售分析报告，为公司领导层做决策提供销售数据依据
3、协助经理制定公司销售部绩效考核相关事宜，并协助各部门落地执行；
4、协助经理进行部门内部员工考核管理制度的制订、优化、培训，并进行定期优化更新；
5、部门日常会议的组织和安排，协助进行部门人员的日常管理；
6、上级领导安排的其他临时性工作。

任职要求：1、本科学历，市场营销、管理学等相关专业，文字功底强；
2、	2年以上运营工作经验，有金融行业/互联网行业经验优先；
3、	具有运营管理、人员管理、效率管理等能力",http://m.51job.com/search/jobdetail.php?jobtype=0&jobid=87848515,87848515,3506133
高级市场专员（活动策划执行）,,',瑞庭网络技术（上海）有限公司成都分公司-安居客,外资（非欧美）,1000-5000人,成都市锦江区新光华街7号航天科技大厦1701-03室,3804,1569,公共交通,1人 | 大专 | 工作经验不限,2017-04-10,"
						1、根据销售需求策划并执行产品推广及营销活动，负责活动方案的策划创意、执行和管理；
2、协调整合各方资源（如与供应商沟通、与场地方谈判，准备及分发物料），策划、执行活动方案，对活动全流程进行执行和监控；
3、熟悉整体活动流程及特点，可将活动策划方案转化为具体的执行方案，细化工作流程，严格按照时间节点和质量要求完成工作；在活动中收集用户反馈，不断优化活动策划方案；
4、能够胜任从活动策划、活动执行统筹、活动运营、后期收尾的整体活动流程；
5、上级安排的其他工作。
任职要求：
1、全日制大专及以上学历，市场营销等相关专业；
2、2年以上市场策划、活动或产品推广等相关工作经验；
3、",http://m.51job.com/search/jobdetail.php?jobtype=0&jobid=79624697,79624697,2258209
品牌主管,6-8千/月,7000,创世纪国际教育集团,民营公司,1000-5000人,成都市高新区天益街理想中心3栋3楼,10465,2220,公共交通,1人 | 学历不限 | 工作经验不限,2017-04-10,"
						工作职责：
岗位职责:
1.负责为创世纪教育集团旗下部分教育培训项目策划全年品牌营销方案；
2.根据全年营销方案策划不同类型活动，撰写活动方案；
3.根据活动方案，带领团队完成活动前期筹备，活动执行及活动反馈；
4.负责对内与各部门，各项目方的沟通协调，确保活动顺利开展；对外开拓优质的渠道资源及客户资源，并建立良好合作关系。福利待遇：
奖金福利：六险一金、丰厚年终奖金、父母孝年终奖金、全勤奖金
补贴福利：交通补贴、油费补贴、话费补贴、餐费补贴
旅游福利：每年一次高质量员工旅游福利
体检福利：每年一次全身体检福利
培训福利：岗前培训、在职培训、外派培训
假期",http://m.51job.com/search/jobdetail.php?jobtype=0&jobid=87773903,87773903,3726319
品牌专员,5-7千/月,6000,门里集团,民营公司,500-1000人,锦江区人民南路二段1号仁恒置地广场35层,4234,1528,公共交通,1人 | 本科 | 3-4年工作经验 | 英语 精通 | 普通话 精通,2017-04-10,"
						岗位职责：
a.	协助完成集团大型品牌活动和发布会等的策划与执行；相关宣传片、广告、视频等文案策划及跟进制作；
Assist in planning and executing big PR events and news release， related promotional film, advertise；
b.	负责撰写、起草企业品牌推广宣传类文案，独立完成集团项目前期资料搜集及调研；
Assist to draft, write enterprise brand promotional copywriting, ability to work on brand and",http://m.51job.com/search/jobdetail.php?jobtype=0&jobid=81504719,81504719,2865500
运营主管（物业公司）,0.6-1万/月,8000,成都金海置业有限公司,民营公司,150-500人,成都市武侯区佳灵路3号红牌楼广场2号写字楼13层（由货梯上楼）,9512,2296,公共交通,1人 | 大专 | 5-7年工作经验,2017-04-10,"
						1、负责物业公司承租的商业公寓运营及管理；
2、负责进场业主合同的签订、执行；
3、负责市场消费动态的调查和信息的收集、整理；
4、负责租户的日常管理与服务工作；
6、负责商业营运服务策划日常监督；
7、协助策划部对商业公寓项目整体形象策划及宣传工作；
8、负责配合财务部收费工作，及时提供相关收费核算信息及与租户沟通。

任职资格：
1、经济管理、市场营销、物业管理等相关专业专科以上学历，45岁以下；
2、3年以上营运管理工作经验，熟悉当地商业公寓经营与管理情况；
3、了解市场动态、行业发展状况，熟悉同行发展动态；
4、有组织协调能力和管理经验，思维敏捷，",http://m.51job.com/search/jobdetail.php?jobtype=0&jobid=87639194,87639194,116662
品牌及市场主任（PR）,6-8千/月,7000,九龙仓中国置业有限公司 WHARF CHINA ESTATES LIMITED,外资（非欧美）,500-1000人,成都市红星路三段1号成都国际金融中心1号写字楼9楼,1491,1034,公共交通,1人 | 本科 | 3-4年工作经验 | 英语 良好,2017-04-10,"
						岗位职责:
1. 与媒体保持良好的沟通，有效地维护媒体关系；
2. 紧密跟踪媒体报道执行情况，并及时反馈调整，确保传播计划的落实； 
3. 收集并整理媒体的信息和动态，分析媒体宣传规律和模式； 
4. 撰写传播项目的媒体监测报告，并对传播效果进行的分析和评估 
5. 树立公司良好的公众形象，及时有效的处理危机公关及日常公关事件；
6. 通过行业内活动等多种形式与行业内客户建立广泛联系，发展和维护公司内外的公共关系，扩大公司资源。

任职要求:
1. 大学本科或以上学历，新闻、传播、广告、中文专业毕业优先考虑；
2. 3年以上公关公司、广告公司、媒体、市场或相关",http://m.51job.com/search/jobdetail.php?jobtype=0&jobid=82603618,82603618,2656879
策划师,5-7.5千/月,6250,成都时代联行房地产顾问有限公司,民营公司,150-500人,成都市新光华街7号航天科技大厦1803,3804,1569,公共交通,1人 | 大专 | 工作经验不限,2017-04-10,"
						【岗位职责】
1、负责项目全程策划工作；
2、独立操作项目，需执笔写方案；
3、收集市场信息，提供策划报告；
【任职资格】
1、3年以上相关工作经验，有写字楼、酒店、商铺等成功策划案例。
2、能独立运作地产项目前期、中期及后期策划工作。
3、能独立完成项目资料的撰写，包括策划报告（市场调研、项目定位、土地分析报告等）及房地产项目营销策划方案等。
4、沟通能力、协调能力强，具有良好的团队合作精神和高度的责任感。						",http://m.51job.com/search/jobdetail.php?jobtype=0&jobid=81010490,81010490,4044054
资深网络文案策划,0.6-1万/月,8000,四川米兰柏羽医学美容医院有限公司,民营公司,150-500人,成都市人民南路四段21号,7225,2034,公共交通,1人 | 学历不限 | 工作经验不限,2017-04-10,"
						岗位职责：
1.负责部门文案策划，撰写宣传和促销活动文案及相关活动；
2.挖掘亮点与卖点，实现描述的多样化、内容化、品牌化；
3.能自主思考，具备敏锐的观察力和洞察力，能够独立策划产品网站；
4.较强的文字功底，文笔流畅，有丰富的互联网知识擅长软文、硬广等多种文体写作；
5.良好的逻辑思维能力，知识面较宽，学习新事物快，敏感性强，善于挖掘热点和敏感话题。

任职资格
1.大专以上学历，文字功底深厚、思维敏捷、创新能力强；
2.有独立完成网站策划经验，能独立完成整站策划原型，熟悉网站策划流程；
3.具备良好的文字驾驭能力和视角独到的文案创作能力；
4.具有广泛的知识、敏锐的洞察力",http://m.51job.com/search/jobdetail.php?jobtype=0&jobid=86531991,86531991,3288920
项目运营主管（成都）,5.5-8千/月,6750,天津狮桥国际物流有限公司,外资（欧美）,500-1000人,参与面试请查询招聘信息相关内容,,,,5人 | 大专 | 2年工作经验,2017-04-10,"
						一、岗位要求：
1.公办大专及以上学历，具备2-3年物流从业经验；
2.熟练运用OFFICE办公软件；
3.沟通、协调能力强，抗压能力强；
4.积极热情、责任心强、性格开朗、讲求效率、乐于接受挑战；
二、工作职责：
1.与客户对接，完成车辆上线、下线、对账等工作；
2.负责审验项目内驾驶员证照、车辆相关证件；
3.解决处理车辆运营中出现的各种异常情况；
三、福利待遇：
1.工资：5500-8000元，月休4-6天；
2.全国范围内自主选择五险一金购买地，带薪休假（法定假日、年假、婚假、产假、陪产假等）；
3.在职提升：公司为员工提供各种培训机会，狮桥学院",http://m.51job.com/search/jobdetail.php?jobtype=0&jobid=83410498,83410498,3361161
运营经理,6-8千/月,7000,成都大龙燚餐饮管理有限公司,民营公司,150-500人,望江路1号中海广场29楼,2577,1674,公共交通,1人 | 学历不限 | 工作经验不限,2017-04-10,"
						?岗位职责：
1. 进行产品调研，包括市场分析、竞争对手分析、用户分析等，对新产品进行定位；协调制定产品方案，如品牌战略、产品战略规划、负责协调产品设计、工业设计、产品研发和生产；
2.负责产品上市后的渠道拓展、产品销售、数据跟踪、用户调研，并根据各项反馈完成产品改进及新版本推出。
3. 熟悉电子商务流程，熟悉网上购物和销售、推广、优化、维护、更新技能知识；熟练电子商务平台的操作规范和流程；
4. 熟悉网站运营流程和网站运营指标数据分析，具有一定的网站策划能力、网站促销专题策划和撰写能力；
5. 负责电商线上线下渠道拓展和维护。管理、维护、规范和监督现有的销售渠道。
6. 负责",http://m.51job.com/search/jobdetail.php?jobtype=0&jobid=84899326,84899326,3410312
股票咨询营销策划师（含会销）,6-8千/月,7000,四川中诚财富股权投资基金管理有限公司,民营公司,150-500人,成都市锦江区芷泉街时代8号2305室,1126,136,的士,3人 | 大专 | 工作经验不限,2017-04-10,"
						1.能够基于互联网金融产品(直播、QQ、微信、APP、广告渠道、视频门户)，找到目标用户，洞察市场机会；
2、懂策略，包装公司的金融老师团队，包装公司的咨询融资项目，参与制定产品品牌战略、营销策略；
3、懂品牌和行业：跟踪、洞察行业的最新趋势及竞争对手的资讯，把握市场动向。
4、懂文案及沟通：负责公司网站、官微电子刊物的撰写。
5、定期进行营销推广效果跟踪、评估；负责行业营销动态监测和分析，针对公司营销工作提出建议或方案；
6、完成领导安排的其他工作。

任职要求：
1.年龄30岁左右，有相关工作岗位和类似工作岗位经验3年以上。
2.有地产，金融行业营销策划经验",http://m.51job.com/search/jobdetail.php?jobtype=0&jobid=81039256,81039256,3944296
策划师,6-8千/月,7000,成都时代联行房地产顾问有限公司,民营公司,150-500人,成都市新光华街7号航天科技大厦1803,3804,1569,公共交通,1人 | 大专 | 2年工作经验 | 普通话 ,2017-04-10,"
						岗位职责：
1、跟客户保持顺畅沟通，制作营销推广方案；
2、对公司所负责项目提供专业性推广思路及文案支持；
3、实现网站资源的合理调配，并通过对产品的运用实现客户需求最大化。
4.独立制定策划书，参与项目前期策划、营销策划和商业及营运的策划。

任职要求：
1、大专以上学历，房地产、广告、市场营销等相关专业,2年以上相关工作经验；
2、熟悉制图软件及楼盘销售流程；较熟悉商业地产前期及营销操作；
3、有扎实的文字功底，文笔流畅，创意独特，思维敏捷，条理清晰；
4、具备市场营销相关领域专业知识；熟练使用各种办公软件；
5、有较强的团队精神，有强烈的工作责任心和良好的沟通能力，能够主",http://m.51job.com/search/jobdetail.php?jobtype=0&jobid=81692925,81692925,4044054
品牌渠道顾问（薪资4K-8k）,4-8千/月,6000,中国鲜花商城,民营公司,150-500人,成都市锦江区红星路三段99号银石广场18楼,1786,930,公共交通,2人 | 本科 | 2年工作经验,2017-04-09,"
						岗位职责：
1、根据公司战略目标，制定加盟策略和计划；
2、积极与加盟店有效互动，提高加盟店的忠诚度；
3、积极处理加盟店在加盟前后遇到的各类问题；
4、收集，整理，归纳市场行情和竞争对手的动态，提出分析报告；
5、高效落实公司各项加盟政策，严格执行加盟流程并对加盟数据整理分析和录入；
6、对加盟店的经营方法和花艺水平等方面收集内容并组织培训；

任职要求：
1、大学本科以上学历，2年以上招商连锁加盟工作经验；
2、诚信正直，有良好的团队合作精神和服务意识；
3、具有强烈的责任心和抗压能力、有良好的服务意识；
4、思维敏捷，具有一定的谈判技巧，具有较强的沟通协调能力；
5、能正",http://m.51job.com/search/jobdetail.php?jobtype=0&jobid=83237864,83237864,2428533
市场策划（待遇好，工作简单）,6-8千/月,7000,四川励轩锦科技有限公司,民营公司,500-1000人,四川成都,,,,1人 | 大专 | 1年工作经验,2017-04-10,"
						岗位职责：
1、 根据公司发展战略需求，深入挖掘并整合各方面优势资源；制定详细合作方案和执行计划；
2、 收集整理客户需求，有效完成专案运作中策划方案的撰写；
3、 负责公司自媒体运营及对外宣传推广相关工作；
4、 协助企划经理制定项目作业计划，配合企划经理完成项目执行工作；
任职要求：
1、 广告策划、影视传媒、新闻传播、市场营销、公共关系等专业专科以上学历；
2、 熟悉项目运作流程和广告媒体业务流程；
3、 较强执行能力、优秀的组织协调能力，良好的客户沟通能力；
薪资福利：

（1）入职成功直接入住宿舍（每月1200元租房补贴），在公司附近租房公司代缴中",http://m.51job.com/search/jobdetail.php?jobtype=0&jobid=87924759,87924759,4349432
资深活动策划师,5-8千/月,6500,锦江区巴比伦儿童天堂摄影工作室,民营公司,1000-5000人,锦江区总府路12号茂业百货九楼,1441,994,公共交通,2人 | 大专 | 工作经验不限,2017-04-10,"
						1、负责营销活动方案的策划、拟定与组织实施；
2、根据市场信息及行业动态，进行活动策划与执行；
3、执行定期行销活动资讯的更新与维护；
4、评估活动效果并编制活动报告。

任职资格：
1、大专及以上学历，市场营销、工商管理等专业；
2、活动策划经验3年以上；
3、吃苦，接受加班。

工作时间：9：00-18:00
休息时间：每周二
工作地点：锦江区总府路12号茂业百货9F。						",http://m.51job.com/search/jobdetail.php?jobtype=0&jobid=86095804,86095804,4117174
运营管理高级主任,6-8千/月,7000,富登小额贷款（四川）有限公司,外资（非欧美）,500-1000人,成都市锦江区红星路3段1号国际金融中心1号办公楼11楼3-6,1339,913,公共交通,1人 | 学历不限 | 工作经验不限,2017-04-10,"
						负责运营条线的政策、SOP及操作指引的管理与更新 

 配合新业务（新产品、新流程等）的顺利实施 

 组织及维系运营条线的信息发布以及知识或员工分享（例如：运筹刊物、每周一学等） 

 组织并执行运营培训（包括：月考、入职培训、专项培训等） 

 制定并进行专项质检，并出具质检报告 

 协调运营管理报表数据的搜集，并进行分析 

 监测营运业务系统的运作情况 

 对业务系统优化提出开发需求，并执行测试 


教育背景: 大学专科以上学历


经验及技能

 3年以上在金融行业的运营工作经验 

 拥有实际的政策、流程或项目执行实例 

 良好的沟通能力，具备分析、协调与执",http://m.51job.com/search/jobdetail.php?jobtype=0&jobid=82973689,82973689,2235647
文案策划,6-8千/月,7000,成都爱都时代文化传播有限公司,民营公司,150-500人,金牛万达广场SOHO C座22楼,6656,1762,公共交通,1人 | 本科 | 1年工作经验 | 英语 良好 | 普通话 熟练,2017-04-10,"
						1、负责陌陌平台“论坛”产品，论坛用户运营及维护 ，管理用户发帖内容 ，利用第三方帐号发布“八卦”文章，了解陌陌直播历史，在平台挖掘新闻爆料，写作风格易读有趣；；
2、围绕公司整体品牌策略，配合各业务模块，完成各类稿件（公关稿件、活动策划、广告文案等）的策划、撰写；
3、参与市场活动、市场推广的创意构思和文案美化；参与公司产品运营工作；
4、配合新媒体运营团队，参与微信、微博文案的策划、撰写、发布。

任职要求：
1、 本科及以上学历，新闻或广告传媒类相关专业；
2、 1年以上自媒体运作经验，熟悉陌陌平台，有相关经验优先。						",http://m.51job.com/search/jobdetail.php?jobtype=0&jobid=86350676,86350676,3779868
网推策划专员（平面设计类）,5-7千/月,6000,四川华熙龙禧投资有限公司,民营公司,150-500人,高新区天晖中街56号曙光国际23楼,10642,2363,公共交通,1人 | 学历不限 | 工作经验不限,2017-04-10,"
						岗位职责
1、组织参与项目品牌、推广类创意构思、文案创作，给予项目前期、中期等提案、设计创意说明及后期结案报告等服务；
2、能独立自主的完成互联网广告创意，完成各类平面广告投放的创意和素材设计。
3、能独立完成各类型广告创意方案的设计和制作，并能对创意策略和文字表现提出建议； 
4、了解、熟悉广告类平面海报、楼书、折页、DM单的设计和制作等相关信息；


任职资格：
1、广告设计、平面设计等相关专业大专以上学历、2年以上工作经验；
2、Photoshop、lllustrator、corelDRAW、CAD等相关软件使用熟练；
3、良好的沟通能力和领悟力，团队合作意思强，敬业，有",http://m.51job.com/search/jobdetail.php?jobtype=0&jobid=86048506,86048506,2608913
运营经理（成都）,0.6-1万/月,8000,天津狮桥国际物流有限公司,外资（欧美）,500-1000人,参与面试请查询招聘信息相关内容,,,,5人 | 大专 | 3-4年工作经验,2017-04-10,"
						一、岗位要求：
1.大专及以上学历；
2.从事物流行业3年及以上，具备车队管理岗位经验；
3.具备良好的计划、管理、沟通和协调能力；
4.责任心强，诚信、细致，有较强的团队合作意识 ；
二、岗位职责：
1.负责项目的流程跟进和优化，干线运输管理；
2.负责处理异常客户信息，及时处理和解决项目运行中引起的客诉；
3.合理调配车队资源，保证整体配送服务的时效和质量；
4.城际区域指标制定；
5.做好区域车辆管理和外协车运力统调，具备当地外请车资源；
6.把控区域账款风险；
三、福利待遇：
1.工资：6500-10000元，月休4-6天；
2.全国范围内自主选择五险一金购买地，带薪休",http://m.51job.com/search/jobdetail.php?jobtype=0&jobid=83410987,83410987,3361161
途牛携程同程美团运营/OTA运营经理（高薪+丰厚福利）,0.6-1万/月,8000,四川世纪海外国际旅行社有限公司,民营公司,150-500人,成都市顺城大街274号国光综合楼3F,2903,1406,公共交通,1人 | 本科 | 3-4年工作经验,2017-04-10,"
						你需要做：
1. 对途牛、携程、同程、美团等OTA平台的日常运营管理；
2. 协助总经理制定年度、季度、月度各店铺的运营策略；
3 定期提交店铺运营报告，根据流量、咨询量、转化量、推广效果等数据做全方位的阶段性评估；
4. 分析总结竞争对手、行业信息、公司产品信息等调研信息，确定调研结果，为公司旅游事业部总体战略制定提供相关数据；
5. 维护所属区域内度假线路的价格并定期与同行进行比较。
我们的要求：
1. 2年以上同行业工作经验，有电商类店铺运营经验及电商团队工作经验优先；
3. 熟悉途牛、携程、同城、美团运作模式及营销规则；
4. 良好的策划推广能力和项目执行能力、协调能力",http://m.51job.com/search/jobdetail.php?jobtype=0&jobid=80126033,80126033,3826491
市场运营经理,0.6-1万/月,8000,四川儒灵童文化传播有限公司,民营公司,1000-5000人,成都市成华区万科路9号金库二单元816,8268,2284,公共交通,1人 | 本科 | 5-7年工作经验,2017-04-10,"
						岗位职责
1、制定和实施公司战略，预算计划，确定公司业务的经营方针和经营形式；
2、发掘市场机会，主持拟订公司的业务目标和业务计划，实现公司业务和投资回报的快速增长；
3、监督、控制整个实施过程，对经营结果负责，组织实施财务预算方案及利润分配、使用方案等
4、建立公司组织体系和业务体系，负责高层管理团队的建设，选拔中高层管理人员，审定公司内部管理机构的设置方案和基本管理制度；
5、全面主持公司的管理工作，制定年度业绩目标及经营发展战略方案，整体营销策划方案，实现企业经营管理目标；
6、不断优化公司的人力资源配置,持续提升公司整体的组织能力。

任职资格
1、具有教育培训管理大中",http://m.51job.com/search/jobdetail.php?jobtype=0&jobid=66907508,66907508,3529004
微信运营,6-8千/月,7000,成都正好医学美容门诊部有限公司,民营公司,,大安东路47号正好医美,2764,1492,公共交通,若干人 | 大专 | 工作经验不限,2017-04-10,"
						岗位职责
1、独立运营微信公众号/微博公共号，为粉丝策划与提供优质、有高度传播性的内容；
2、紧跟微信发展趋势，广泛关注标杆性公众号，积极探索微信运营模式；
3、研究公众号推广模式与渠道，与微博运营同事进行有效的合作；
4、充分了解用户需求，收集用户反馈，分析用户行为及需求；
5、对公司产品进行精准营销与服务

任职条件
1、热爱互联网事业，酷爱玩微信、对微信有浓厚的兴趣；
2、具备基础的内容编辑工作经验，包括文字及页面美化；具备成熟的微信工作运营经验，能够完成专题策划、活动执行者优先；
3、具备应对公共突发事件的能力；
4、有较强的数据分析能力，有优秀的文",http://m.51job.com/search/jobdetail.php?jobtype=0&jobid=83846978,83846978,4144741
房地产前期策划,5-8千/月,6500,保利地产投资顾问有限公司成都分公司,国企,150-500人,成都市武侯区人民南路四段领事馆路7号保利中心北塔27F,5436,1979,公共交通,1人 | 本科 | 3-4年工作经验,2017-04-10,"
						一、岗位职责：
1. 参与制定并执行项目前期定位的营销方案，包括但不限于项目定位、定价、促销及推广方案等；
2. 进行市场分析、地块分析、项目分析、竞品分析与监控等；
3. 协调内外部合作关系、利用内外部资源，促成营销业绩达成；
4. 参与销售现场管理工作，包括人员招聘、培训、销售考核、团队建设等；
5. 上级安排的会议组织和报告撰写等工作。

二、岗位要求：
1. 本科以上学历；
2.3年以上房地产前期营销策划工作经验或广告、传媒、活动执行等相关行业从业经验；
3. 掌握市场分析、项目分析、广告推广、媒体沟通和文案撰写技能；了解房地产相关法律法规、房地产项目规划知识和土建基本",http://m.51job.com/search/jobdetail.php?jobtype=0&jobid=43069234,43069234,2144770
宣传策划主管,5-8千/月,6500,成都优易数据有限公司,国企,150-500人,成都市郫都区菁蓉镇静园东路138号（附近）优易数据大厦3F,5212,2080,公共交通,1人 | 本科 | 2年工作经验,2017-04-10,"
						岗位职责：
1、宣传推广：（1）同业、竞争对手等相关市场研究，制定宣传品牌战略，明确定位及目标；（2）品牌 风险控制及危机公关；
2、企业文化：（1）企业主题文化的建设、实施及形象监控；（2）企宣用品策划制作，如企业宣传册、 内刊、门头、办公室氛围等；（3）公司网站、微信、微博策划运营；
3、活动策划：（1）推广展示策划，组织实施，预算报销及效果评估报告；（2）活动策划设计，组织实 施，预算报销及效果评估报告；
4、媒体对接：负责活动的媒体宣传，联系相关媒体团队，做好活动前期的宣传；维护好公司与媒体界的 关系，为公司创造良好社会舆论。
5、上级交办的其他工作。
任职资格：
1、",http://m.51job.com/search/jobdetail.php?jobtype=0&jobid=85787273,85787273,4251557
策划主任,5-8千/月,6500,保利地产投资顾问有限公司成都分公司,国企,150-500人,成都市武侯区人民南路四段领事馆路7号保利中心北塔27F,5436,1979,公共交通,4人 | 本科 | 3-4年工作经验,2017-04-10,"
						保利地产投资顾问有限公司成都分公司因业务发展需要，需招聘4名有房地产策划经验的策划主任及高级主任。
岗位职责：
1、 参与制定并执行项目前期定位、中期热销、后期收官阶段的全程营销方案，包括但不限于项目定位、定价、促销及推广方案等；				
2、进行市场分析、地块分析、项目分析、竞品分析与监控等；				
3、协调内外部合作关系、利用内外部资源，促成营销业绩达成；				
4、参与销售现场管理工作，包括人员招聘、培训、销售考核、团队建设、客户维护、拓展等；				
5、上级安排的会议组织和报告撰写等工作。				
任职资格：
1、本科及以上学历，市场营销、策划类等相关专业毕业；
",http://m.51job.com/search/jobdetail.php?jobtype=0&jobid=85491766,85491766,2144770
