"('job_Name',)","('job_Wage',)","('job_AverWage',)","('company_Name',)","('company_Nature',)","('company_Scale',)","('company_Address',)","('company_Distance',)","('company_Duration',)","('company_Traffic',)","('job_PeopleNum',)","('job_Issue',)","('job_Article',)","('job_Link',)"
急聘互联网产品品牌宣传-上市公司青羊工业总部基地,6-8千/月,7000,成都步速者科技股份有限公司,上市公司,150-500人,成都青羊工业总部基地F19栋1楼,15884,3745,公共交通,3人 | 本科 | 5-7年工作经验,2017-03-15,"
						本岗位为“互联网+”产品“火益”做企划宣传策划，了解产品详情请登录
 www.homyi.com
岗位职责
1、根据公司发展战略规划，进行“火益”品牌战略规划及“火益”品牌体系建设。
2、全面负责“火益”品牌的营销策划、设计、推广工作。
3、根据“火益”产品的发展战略规划，制定市场推广策略。
4、深入了解市场动态，结合“火益”产品自身优势完善品牌策略。
5、制定月度、季度及年度计划和预算并实施创意策划、组织实施、分析评估各类线上线下营销活动，达成活动目标，为活动内容质量和效果负责。
6、深度整合利用内部资源，实现活动的整合传播。 
7、深入了解当下热点，创意策划各类主题，积极探",http://m.51job.com/search/jobdetail.php?jobtype=0&jobid=85394147
品牌主管,6-8千/月,7000,创世纪国际教育集团,民营公司,1000-5000人,成都市高新区天益街理想中心3栋3楼,10465,2220,公共交通,1人 | 本科 | 工作经验不限,2017-03-15,"
						工作职责
岗位职责:
1.负责为创世纪教育集团旗下部分教育培训项目策划全年品牌营销方案；
2.根据全年营销方案策划不同类型活动，撰写活动方案；
3.根据活动方案，带领团队完成活动前期筹备，活动执行及活动反馈；
4.负责对内与各部门，各项目方的沟通协调，确保活动顺利开展；对外开拓优质的渠道资源及客户资源，并建立良好合作关系。

任职资格
任职资格:
1.2年以上品牌营销策划相关工作经验，1年以上主管经验；
2.有丰富的活动策划及统筹执行经验；
3.熟悉公关媒体品牌推广运作，具有出色的品牌策略能力及整合传播技巧；
4.品牌意识强，具有出色提案能力和沟通技巧,有",http://m.51job.com/search/jobdetail.php?jobtype=0&jobid=84408253
店长/店员-餐饮类（一）简历请直接投递至品牌邮箱相关,0.2-1万/月,6000,成都银泰中心 in99,合资,150-500人,成都市天府大道北段1199号成都银泰中心3号写字楼26楼,10077,2662,公共交通,若干人 | 高中 | 1年工作经验,2017-03-15,"
						城南高端大型购物中心in99开业在即，受品牌委托，招聘以下职位，请将简历直接投递至品牌邮箱：
（注意：投递简历请注明应聘岗位及联系方式，更新日期2017.2.20）

★姜虎东白丁：招聘店长、前厅、服务员、收银、后厨若干，提供住宿，招聘邮箱121620246@qq.com；

★乐伯部队锅：招聘餐厅服务员 10人，薪资2200-3500，详细可面谈，应聘邮箱1371686761@qq.com；

★阳光海岛海鲜自助餐厅：招聘领班、接待、收银、服务员、传菜员、吧员、保洁/洗碗工数名，***，应聘邮箱1056911038@qq.com；

★中8楼（特色云南菜）/撒露店（冻酸奶店）",http://m.51job.com/search/jobdetail.php?jobtype=0&jobid=85901550
品牌策划经理(美好家）,0.8-1.2万/月,10000,成都万科房地产有限公司,民营公司,150-500人,成都市静安路1号万科城市花园98栋1座,6292,2407,公共交通,1人 | 本科 | 工作经验不限,2017-03-15,"
						岗位职责：
1、负责美好家产品品牌定位、体系建设、推广、渠道及内外部资源拓展；
2、负责美好家网站建设、官方微信帐号运营；
3、广告公司对接与管理，销售道具、物料统筹；
4、负责协助销售经理拟定的营销策略，负责项目销售过程的各项销售报告和策划方案；                                                                                                         
5、品牌活动策划、执行。
任职要求：
1、大学本科以上学历，3年以上房地产行业品牌营销或策划管理经验，熟悉品牌管理及策划工作",http://m.51job.com/search/jobdetail.php?jobtype=0&jobid=87045276
品牌投资经理,20-25万/年,18750,蓝润商业管理公司,民营公司,10000人以上,四川省成都市锦江区成都国际金融中心1号写字楼39楼,1510,1043,公共交通,1人 | 本科 | 工作经验不限,2017-03-15,"
						岗位职责：
1.  负责商业品牌投资和孵化；
2.  围绕关键需求进行品牌投资/孵化，形成一套包括主题定位、空间设计、商户组合和主题营销在内的体系，与细分领域的龙头品牌强强联手，联合外部投资资金进行快速的复制开发；
3.  对有需求或符合产业链整合要求的品牌进行投资/合作；
4.  整合投资/孵化主题价值链品牌，包括但不限于教育、医疗、美食、游乐、运动、主题零售等特色空间品牌；
5.  与潜力型品牌新秀合作投资其股权，与成熟型优秀品牌在蓝润商业项目进行合资/合作开店，与国外优秀品牌洽谈代理/合作。
 
任职要求：
1.  全日制本科及以上学历；
2.  具备一",http://m.51job.com/search/jobdetail.php?jobtype=0&jobid=85571636
品牌服装店长/店长助理,4-8千/月,6000,成都市华蕾服饰有限公司,民营公司,150-500人,高新区天益街理想中心4栋5楼,10382,2155,公共交通,2人 | 高中 | 工作经验不限,2017-03-15,"
1、根据产品的特性，热情引导顾客购物； 2、运用销售技巧，促成商品的销售； 3、执行公司制定的各项销售政策； 4、跟踪回访顾客并提供完善的售后服务； 5、协助完成店铺陈列、搭配等与销售相关的工作。 职位要求： 1、形象气质佳； 2、对服装有强烈的敏锐度，并热爱服装行业； 3、销售能力出众，有女装销售工作经验优先； 4、抗压能力强，能适应快节奏工作。 职位待遇：4000-8000元/月 （底薪+工龄工资+星级工资+达标奖+提成+年终奖）+社保+专业技能培训+带薪年休假+团队活动+免费旅游+传统节日礼品+生日礼物备注：投递简历时请描述工作经验！ ",http://m.51job.com/search/jobdetail.php?jobtype=0&jobid=86671023
市场部经理/品牌推广经理,6-8千/月,7000,四川天地拓鑫科技有限公司,民营公司,150-500人,高新区益州大道北段777号中航国际广场A座709室,12891,2764,公共交通,1人 | 大专 | 3-4年工作经验,2017-03-15,"
						成都公司位于高新区甲级写字楼，办公环境优美，交通便捷，现诚招有志于在农业环保生态行业开疆拓土的有为青年共创伟业！若您心怀天下，立志造福于民，请与我们联系；若您心存感恩，充满激情，请与我们联系；若您胸有大志，不甘平庸，请与我们联系！我们能为您提供的不仅仅是一份工作，更是一个职业，一份成就，一个美好事业的开始！我们将按照国家规定为您缴纳社会保险，提供双休及法定节假日。期待与您携手共创美好事业！

岗位职责：
1. 根据公司战略发展需求，策划组织市场推广方案；
2. 负责公司网络营销信息管理，包括官方网站、产品推广网站、微信公众平台的推广及管理；
3. 收集利用各类资源，挖掘公司潜在",http://m.51job.com/search/jobdetail.php?jobtype=0&jobid=73832999
传祺品牌—技术经理,6-8千/月,7000,成都金致汽车销售服务有限公司,民营公司,1000-5000人,成华区成致路1号,11248,3946,公共交通,1人 | 大专 | 5-7年工作经验,2017-03-15,"
						职责概述：
1.掌握各修理项目的施工内容和技术标准；
2.认真检验完工车辆质量，包括对引擎、底盘、冷电、沙板、喷漆有关部分全面检验；
3.定期组织维修人员的技术培训和技术分享；
4.内返和外返的统计和分析；
5.保证维修车辆的出厂安全；
6.遇技术难题时主动上前询问，提出专业建议；
7.上级安排的其他工作。

任职资格
1、大专以上学历，汽车维修专业，从事汽车维修行业5年以上，具有丰富的维修经验，并获得国家有关部门颁发的高级工或以上证书；
2、良好的沟通能力和表达能力
3、拥有车辆驾驶执照和驾驶经验
4、具备组织或实施技术内训经验。
5、为人踏实肯干、",http://m.51job.com/search/jobdetail.php?jobtype=0&jobid=76891445
品牌服装店长/店助,5-8千/月,6500,成都市华蕾服饰有限公司,民营公司,150-500人,高新区天益街理想中心4栋5楼,10382,2155,公共交通,1人 | 高中 | 1年工作经验,2017-03-15,"
1、 负责带领店铺团队完成公司下达的店铺销售目标； 2、 分解店铺的销售计划（每日、每周、每月）； 3、 负责对店员的培训及管理，使得每位店铺员工能够胜任相关工作； 4、 负责店铺的日常营运及保护店铺经营资产的安全； 5、 负责市场信息的收集、整理并反馈； 6、 负责店铺商品进、销、存的跟进工作； 7、 完成上级下达的其他临时任务。 职位要求： 1、沟通能力强、活泼开朗； 2、两年以上品牌女装店铺管理经验； 3、具备服装陈列、面料及保养知识，色彩形体、服饰搭配等专业知识，具备相应的管理协调能力； 4、熟悉办公软件，能完成公司要求的相关表格，熟练运用服装类ERP系统。 职位待遇： 年薪：6-1",http://m.51job.com/search/jobdetail.php?jobtype=0&jobid=76600514
渠道品牌销售经理,6-8千/月,7000,四川鑫盼盼门业有限公司,民营公司,150-500人,成都市新都区龙桥镇万象路1号,22868,7086,公共交通,10人 | 学历不限 | 工作经验不限,2017-03-15,"
						主要职责：
1、 寻找潜在合作伙伴。
2、 与潜在合作伙伴进行商务洽谈和签约。
3、 行业渠道建设，渠道管理和渠道关系维护等工作。
4、 开拓建立地区市场的代理渠道。
5、 管理当地区域代理商经销商
6、 对区域代理商经销商的销售人员进行培训
7、 地区市场状况竞争品牌的信息进行调研反馈。
8、 制定当地的市场推广计划及方案。
9、 组织执行当地的上市推广方案
任职资格：
1、 与代理商的谈判和沟通能力强；
2、 具备快速的学习能力，强烈的市场竞争意识；
3、 具有独立工作能力，勇于接受工作挑战，能够承担目标压力；
4、 较强的商务谈判和独立的市场开拓能力，有渠道开发管理经验者",http://m.51job.com/search/jobdetail.php?jobtype=0&jobid=84735615
品牌推广经理,1-1.4万/月,12000,实创家居装饰集团（成都）有限公司,民营公司,1000-5000人,成都金牛区沙湾路63号网通大厦2层,6888,2410,公共交通,1人 | 学历不限 | 3-4年工作经验,2017-03-15,"
						岗位职责：

 1、负责新媒体（微信、微博、微网页等）日常的内容编辑、发布、维护、管理、互动及其它运营管理工作。

 2、能够独立完成符合业务要求的专题活动策划，并在新媒体端（微博、微信等）落实执行并跟踪维护。

 3、负责挖掘和分析用户使用习惯、情感及体验感受，收集用户反馈；跟踪监测同业新媒体的发展，进行数据分析并分享。

 4、独立完成在新媒体端发布的各种图片的创意。协助平面设计执行具体平面设计工作。

5、完成领导交办的其他工作。



 任职要求：

 1、新闻学、设计学、市场营销等相关专业，大专以上学历。

 2、3年以上行业经验，对家装行业有较为深入的了解，熟悉网络",http://m.51job.com/search/jobdetail.php?jobtype=0&jobid=86671883
品牌策划经理 /主管,6-8千/月,7000,成都（台资）先驱实业有限公司,民营公司,500-1000人,成都市邛崃市羊安工业园区羊纵一线7号,70645,18053,公共交通,1人 | 大专 | 3-4年工作经验 | 普通话 熟练,2017-03-15,"
						岗位职责：
1、根据公司发展战略制定品牌规划； 
2、组织品牌策划方案的制订；
3、组织品牌策划活动的组织、执行、协调以及在执行过程中的监控和调优；
4、组织品牌策划方案，对产品（项目）设计、品牌策略提出合理性建议；
5、组织品牌体系管理制度和流程的建设； 

任职要求：
1、28—40岁，广告、营销、中文类大专以上学历；
2、3年以上营销、策划工作经验；
3、有一定文案功底，思维活跃，社会经验丰富，大型企业策划部；
4、熟悉耐用品销售的策划、品牌推广及广告、装修等工作内容和运作流程；
5、熟悉PS、CORELDRAW等平面设计软件和办公软件，沟通、表达能力强。

（公司提供行",http://m.51job.com/search/jobdetail.php?jobtype=0&jobid=44318631
店员/店长（迪柯尼品牌男装）,0.4-1万/月,7000,广州迪柯尼服饰股份有限公司,民营公司,1000-5000人,广州市天河区珠江新城临江大道5号保利中心13楼全层,28845,56191,公共交通,若干人 | 中专 | 工作经验不限,2017-03-15,"
						要求： 1、18-30周岁，中专以上学历；皮肤白、气质佳、活泼开朗； 2、做事细心、吃苦耐劳、稳重、有责任心，工作态度端正； 3、有品牌服装导购销售工作经验，一经录用，提供良好福利待遇，社保金。						",http://m.51job.com/search/jobdetail.php?jobtype=0&jobid=51766381
品牌部经理,5-8千/月,6500,成都全时叁陆伍超市管理有限公司,民营公司,150-500人,成华区府青路2段2号凯龙财富大厦12层,5266,1789,公共交通,1人 | 大专 | 工作经验不限,2017-03-15,"
						岗位职责：
1.全面负责公司产品的品牌规划、策划及推广
2.负责新媒体平台（微博、微信公众号）整体运营和推广、新媒体平台文案撰写，提升内容质量和传播度。
2.负责公司媒体关系的建立与维护，负责企业新产品、新业务、新项目等的传播工作，包括软文撰写、线上传播、信息收集与整理等
3.组织实施品牌推广及发展策略，建立有效分析、评估体系，保障品牌建设及推广效果
4.负责公司品牌发展方向，建立高效的品牌管理体系及形象，制作完善品牌管理制度及流程
5.参与公司内外部业务推广项目及公司重大公关活动策划、宣传工作，利用各种宣传渠道，整合资源
6.了解平面设计软件，懂得印刷前期制作和后期工艺流程
",http://m.51job.com/search/jobdetail.php?jobtype=0&jobid=84083053
品牌策划经理,0.8-1万/月,9000,明珠家具股份有限公司,民营公司,1000-5000人,四川省崇州市经济开发区崇阳大道921号,41076,8909,公共交通,1人 | 本科 | 工作经验不限,2017-03-15,"
						工作职责：
1.根据公司品牌核心价值体系，制定有效的品牌推广活动方案，并整合内外部资源，组织推动实施
2.拟定品牌发展策略，制定品牌管理的具体措施：政策制定、流程及标准制定、培训与检查等
3.参与组织并落实公司制定的广告投放计划，协调和指导各地分公司及经销商的广告宣传、促销、公关等工作
4.负责品牌内容的策划制作，拍摄公司的广告片及产品专题片

任职资格：
1.本科及以上学历，市场营销、新闻、广告、管理类专业优先
2.三年以上品牌策划管理工作经历，具备较强的品牌建设和策划能力
3.熟悉媒介市场行情及各种宣传推广方法，与媒体保持有良好的合作关系
4.性格开朗，善",http://m.51job.com/search/jobdetail.php?jobtype=0&jobid=86375506
品牌策划,0.3-1万/月,6500,优华贝爱（中国）科技有限公司,外资（非欧美）,150-500人,武侯区龙腾东路36号中海大厦,10279,3222,公共交通,若干人 | 大专 | 2年工作经验 | 普通话 熟练 | 英语 良好,2017-03-15,"
						岗位职责：

1、协助部门负责人收集并整理有关公司品牌及竞品品牌动态信息；
2、协助部门负责人制定品牌推广策划方案；
3、为企业及产品品牌规划提出合理化建议，协助部门负责人制定品牌战略规划；?
4、参与撰写品牌活动策划案及细化活动执行流程，并提供最优性价比的执行方式或创意
5、公司品牌相关的策略支持，包含述求点、切入点、传播策略等。

任职要求：

1.2年以上非地产类的品牌策划经验；
2.对新媒体、广告有深厚的理解，具备丰富的市场营销和公关活动策略经验；
3.具有敏感的商业和市场意识，分析问题及解决问题能力强；
4.具备优秀的文字创作能力；						",http://m.51job.com/search/jobdetail.php?jobtype=0&jobid=83292952
直营品牌店长、副店（桐梓林）,0.4-1万/月,7000,浙江春风纺织集团有限公司,民营公司,1000-5000人,浙江省杭州市滨江区滨康路188号,27009,56047,公共交通,2人 | 高中 | 3-4年工作经验,2017-03-15,"
						一、岗位职责
1、全面主持店面的管理工作，配合总部的各项营销策略的实施；
2、执行总部下达的各项任务；
3、做好门店各个部门的分工管理工作；
4、监督商品的要货、上货、补货，做好进货验收、商品陈列、商品质量和服务质量管理等有关作业；
5、监督门店商品损耗管理，把握商品损耗尺度；
6、掌握门店各种设备的维护保养知识；
7、监督门店内外的清洁卫生，负责保卫、防火等作业管理；
8、妥善处理顾客投诉和服务工作中所发生的各种矛盾；

二、任职要求：
1、高中及以上学历,专业不限；
2、至少3年以上服装零售业管理工作经验，具有较强的店务管理经验；
3、精通团队管理、",http://m.51job.com/search/jobdetail.php?jobtype=0&jobid=85442625
MICHELLE MOISSAC（摩萨克）品牌女装 导购/店长,,',安正时尚集团股份有限公司,民营公司,1000-5000人,上海市长宁区临虹路168弄国际商务花园7号办公楼,17941,60768,公共交通,5人 | 学历不限 | 3-4年工作经验,2017-03-15,"
						招聘岗位：MICHELLE MOISSAC（摩萨克）品牌女装 导购/店长
联 系 人：李先生 057.-80783097   工作地点：成都市青羊区人民东路59号仁和春天（人东店）MICHELLE MOISSAC专柜

导购
任职要求：
1、热爱服装零售行业，喜欢搭配，销售能力强；
2、擅长沟通，维护客户资源；
3、亲和力强，形象气质佳；
4、2年以上同类品牌工作经验。

店长
任职要求：
1、抗压能力强 ；
2、亲和力强，形象气质佳；
3、擅长团队氛围营造，带领团队完成销售目标；
4、同类品牌同岗位工作经验3年以上。						",http://m.51job.com/search/jobdetail.php?jobtype=0&jobid=81212898
500强品牌企业+豪宅顾问+底薪3千,0.8-1万/月,9000,21世纪不动产,上市公司,150-500人,成都市锦江区汇源北路99号1幢103,3992,1785,公共交通,10人 | 中技 | 工作经验不限,2017-03-15,"
						职位描述:
【岗位描述】
从事二手房租赁、销售工作。
1、收集、发布、整理房屋出租、出售信息；
2、接待客户，提供专业的房产咨询服务；
3、了解客户需求，推荐匹配的房屋信息；
4、陪同客户看房，为客户介绍周边配套和房屋具体情况
5、协助买卖双方磋商房屋价格、付款方式、交易流程、签订租赁/买卖合同等，促成租赁/买卖双方交易；
6、为客户提供后期服务。
【任职资格】
1、年龄18—35岁，身体健康，具备良好的语言表达沟通能力；
2、热爱房地产销售工作,亦欢迎应届毕业生加入；
3、有无工作经验均可，公司将提供完整、系统的培训！
4、从事过房产销售类相关工作者",http://m.51job.com/search/jobdetail.php?jobtype=0&jobid=86168677
品牌经理,0.8-1.5万/月,11500,国际私塾总部,民营公司,1000-5000人,高新区环球中心,13912,2950,公共交通,1人 | 本科 | 工作经验不限,2017-03-15,"
						岗位职责：
1、结合公司发展战略与营销战略，规划品牌发展的长中短期目标；
2、根据品牌核心理念，指导部门专业人员进行规范标准的品牌形象建设；
3、根据品牌的发展计划与市场需求，对品牌进行长期的有规划性的推广，包括内部的与外部的以及定期的活动与新闻事件营销；
4、协助人力资源部进行企业文化的建设与导入，对企业CIS进行规划与落实了解并监控品牌的成长与发展；
5、对品牌工作进行定期的汇报总结以及针对的问题做相应的解决方案。

任职要求：
1、具有三年以上品牌管理推广相关实操经验；具有一定的英文书写能力及口头表达能力；
2、具备优秀的团队管理能力，对品牌工作有独特见解；
3、具备营销",http://m.51job.com/search/jobdetail.php?jobtype=0&jobid=86607238
品牌经理,1-1.5万/月,12500,百家好（上海）时装有限公司,外资（非欧美）,500-1000人,上海万源路2163号A栋2楼,26305,61655,公共交通,1人 | 大专 | 10年以上工作经验,2017-03-15,"
						1、负责公司品牌的整体发展规划工作，制定品牌相关目标；

2、根据公司的发展战略，制定营销战略规划，根据市场现状制定产品营销策略及整体销售计划；

3、宣传贯彻公司的市场政策、管理办法，督促方针、政策有效实施，落到实处；

4、与商场建立良好的合作关系，提升公司形象并解决相关业务问题，建立高效团队及优化团队力量；

5、定期对品牌店铺营运情况进行损益分析及反馈。

任职资格：

1、营销、法律或管理类本科及以上学历，有大型服装企业5年以上管理经验；

2、精通市场营销知识、企业管理知识；

3、执行能力、领导力、组织能力、交际能力、团队建设、分析判断能力强。		",http://m.51job.com/search/jobdetail.php?jobtype=0&jobid=78619254
资深品牌推广/品牌策划/创意策划/活动方案策划,0.8-1万/月,9000,中国鲜花商城,民营公司,150-500人,成都市锦江区红星路三段99号银石广场18楼,1787,931,公共交通,1人 | 本科 | 3-4年工作经验,2017-03-15,"
						职位描述：
   1、负责营销活动策划、商品促销方案及品牌策略定位；
   2、思维敏捷，创意独到，点子多，创新能力强，有良好的品牌营销策划能力；
   3、对公司旗下鲜花品牌，打造用户体验、对销售策略提出合理性建议；
   4、超强的创意策划能力，有大型互联网公司品牌打造从业经验；
   5、新媒体营销策划：微信、微博、APP、品牌口碑等；
   6、借势营销活动策划，利用当下热点策划营销事件，策划节日专题、打折促销，提升粉丝和用户的参与感，提升产品知名度和用户忠诚度；
   7、制定品牌创意特色服务，提高产品品牌核心竞争力 ；
   8、根据公司的发展战略，",http://m.51job.com/search/jobdetail.php?jobtype=0&jobid=82859997
品牌推广经理,6-9千/月,7500,成都岸宝纸业集团有限公司,民营公司,500-1000人,成都高新西区西区大道501号,25925,5683,公共交通,1人 | 大专 | 5-7年工作经验,2017-03-15,"
						岗位职责：
1、根据集团战略分解并制定全集团品牌推广计划；
2、制定产品市场推广的策划和实施,并对各分公司推广效果进行跟踪；
3、制定本部门年度费用预算和工作计划并监督落实；
4、定期分析市场情况,并做市场分析报告；
5、全年国际、国内展会的策划与执行；
6、收集整理分析同行业公司市场信息，与设计部门、制造部门及时沟通；
7、国际或国内新材料、新产品的的市场信息收集。
岗位要求：
1、有四年以上品牌推广经历；
2、市场营销、管理类、广告类或相关专业专科以上学历；
3、具有良好的沟通协调能力、较强的执行能力以及团队合作精神；
4、熟练的电脑技能、数据分析、行业市调等能力。				",http://m.51job.com/search/jobdetail.php?jobtype=0&jobid=84506344
品牌服饰高级买手,6+ 千/月,6000,成都市成华区金岚地服装厂,民营公司,150-500人,成都市金牛万达广场甲级写字楼B座19层金岚地服饰,6725,1816,公共交通,若干人 | 学历不限 | 工作经验不限,2017-03-15,"
任职资格：1、熟悉国内国际上知名女装品牌；2、良好的审美及流行趋势的捕捉敏感度；3、丰富的买手经验及资源； ",http://m.51job.com/search/jobdetail.php?jobtype=0&jobid=81962945
品牌直营门店聘店长（双楠路）,8-10万/年,7500,浙江春风纺织集团有限公司,民营公司,1000-5000人,浙江省杭州市滨江区滨康路188号,27009,56047,公共交通,1人 | 大专 | 3-4年工作经验,2017-03-15,"
						一、岗位职责
1、全面主持店面的管理工作，配合总部的各项营销策略的实施；
2、执行总部下达的各项任务；
3、做好门店各个部门的分工管理工作；
4、监督商品的要货、上货、补货，做好进货验收、商品陈列、商品质量和服务质量管理等有关作业；
5、监督门店商品损耗管理，把握商品损耗尺度；
6、掌握门店各种设备的维护保养知识；
7、监督门店内外的清洁卫生，负责保卫、防火等作业管理；
8、妥善处理顾客投诉和服务工作中所发生的各种矛盾；

二、任职要求：
1、高中及以上学历,专业不限；
2、至少3年以上服装零售业管理工作经验，具有较强的店务管理经验；
3、精通团队管理、客户管理、商品管理、陈列",http://m.51job.com/search/jobdetail.php?jobtype=0&jobid=74256795
品牌女装版师,0.6-1万/月,8000,成都市成华区金岚地服装厂,民营公司,150-500人,成都市金牛万达广场甲级写字楼B座19层金岚地服饰,6725,1816,公共交通,1人 | 学历不限 | 工作经验不限,2017-03-15,"
						要求：1、年龄30-40岁，限***；2、品牌女装三年以上制版经验；3、熟悉女装的流行趋势，关注服装的变化。 ",http://m.51job.com/search/jobdetail.php?jobtype=0&jobid=82703799
品牌及市场主任（VIP活动）,6-8千/月,7000,九龙仓中国置业有限公司 WHARF CHINA ESTATES LIMITED,外资（非欧美）,500-1000人,成都市红星路三段1号成都国际金融中心1号写字楼9楼,1510,1043,公共交通,1人 | 本科 | 3-4年工作经验 | 英语 良好,2017-03-15,"
						岗位职责:
1. 负责VIP会员活动的组织策划及现场执行；
2. 对VIP会员活动进行效果分析，完成会员活动的结果反馈；
3. 负责租户品牌推广与维护工作；
4. 协助拓展VIP会员权益拓展及运营管理；
5. 协助拓展异业合作；
6. 完成上级交代的其他工作。

任职要求:
1. 大学本科以上学历；
2. 3年以上品牌及市场工作经验或4A广告公司客户经理经验；
3. 具有一定艺术和文学修养，思维活跃、善于创新，市场敏感度高；
4. 在当地拥有广泛的供应商和合作伙伴资源；
5. 思路清晰，具有良好的沟通协调能力及团队合作精神。						",http://m.51job.com/search/jobdetail.php?jobtype=0&jobid=86715285
CH5503策划师（6K-8K，优质项目，品牌开发商）,6-8千/月,7000,成都正合地产顾问股份有限公司,民营公司,1000-5000人,成都市东城根上街95号成证大厦2楼,4085,1696,公共交通,3人 | 学历不限 | 工作经验不限,2017-03-15,"
						品牌开发商——万科、保利、绿地等一线开发商！
平台与实力——西南顶尖、成功挂牌新三板
没有天花板——晋级11层通道可打拼！
持续培训期——228门内训课程可享受！

岗位职责：
1） 项目主策，主导房地产项目的营销策划策略、广告、渠道、活动等工作
2）指导、带教辅策的工作，帮助团队专业成长
3）独立对接开发商，维护与开发商的关系

工作要求：
1）两年以上工作经验，较强的市场敏锐度，熟悉房地产营销运作、熟悉策划报告定作及策划工作流程，独立、全程操作1个以上房地产项目，有项目前期工作经验者优先；
2）较强的逻辑分析能力，书面及语言文字表达能力，沟通和协调能力；",http://m.51job.com/search/jobdetail.php?jobtype=0&jobid=86847941
品牌营销总监,1.5-2万/月,17500,成都皇家壹号家居艺术股份有限公司,上市公司,150-500人,双流县机场路土桥段175号,15843,4500,公共交通,1人 | 学历不限 | 5-7年工作经验,2017-03-15,"
						岗位职责：
1、1.负责公司及全线产品品牌策划，针对公司需求制定相应的战略规划、品牌定位、营销策略、及带领团队执行品牌创意及营销策划工作；
2、负责配合营销活动的策划、组织及实施；
3、制定内部战略发展和业务计划，审核策划方案与创意，具备品牌策划的系统认知与见解；
4、结合公司品牌及营销优势，制定品牌包装策略、 推广策略、拓展品牌推广渠道；
5、策划公众营销事件，参与公司的品牌推广及营销策划；
6、通过多渠道品牌合作推广，不断提升公司的影响力知名度。
任职要求：
1、本科及以上学历，市场营销、新闻传媒相关专业优先 ；
2、有5年大型活动、会议营销方面的工作经验",http://m.51job.com/search/jobdetail.php?jobtype=0&jobid=85679563
品牌策划经理,1-1.5万/月,12500,迈普通信技术股份有限公司,民营公司,1000-5000人,高新区九兴大道16号，迈普大厦,12087,3443,公共交通,1人 | 学历不限 | 工作经验不限,2017-03-15,"
工作职责：结合公司需求及项目运作实际情况，在合适的时间有针对的策划组织合适的市场活动；1、良好的团队沟通，协调能力；2、负责的品牌发展战略，包括品牌的建立、经营、维护、管理等各个细节；3、负责研究、策划和执行公司品牌、市场与战略商业思想，为公司提供全方位的商业策划解决方案，强化公司的品牌知名度、销售网络、营销业绩和社会形象，全面促进提升公司的市场竞争力和销售占有率；4、负责品牌及系列产品形象包装、定位、策划和宣传推广、对各类宣传物料及包装材料的设计进行评审，审核；5、负责品牌整体年度宣传策略及计划的制定与执行，公司各类营销活动及商业活动的策划和执行；任职要求：1、计算机、通信、电子工程、市场",http://m.51job.com/search/jobdetail.php?jobtype=0&jobid=84812357
品牌活动专员,5-7千/月,6000,四川水井坊股份有限公司,上市公司,1000-5000人,四川成都市金牛区全兴路9号,14643,3188,公共交通,1人 | 本科 | 1年工作经验,2017-03-15,"
						 


岗位工作职责:


1. 明确活动目的和目标，提出完整的解决方案，并且持续改进


2. 确保和外界客户、活动公司和其他第三方机构的无缝对接与协调，保证活动的顺利落地和执行


3. 执行过程中保证品牌形象、调性符合品牌要求，对品牌需求有非常深入的理解


4. 根据产品定位和品牌需求，能独立的不断提出创新活动形式和内容，增加营销计划吸引程度


5. 管理和领导品牌大使团队，确保品鉴会成功举行，让消费者重新认识品牌并认可品牌的高端性


6. 管理并激励品牌大使团队，在品鉴会现场协助销售，并促进团购订单达成


7. 管理服务供应商，确保提",http://m.51job.com/search/jobdetail.php?jobtype=0&jobid=86426756
品牌服装导购,4-8千/月,6000,成都市华蕾服饰有限公司,民营公司,150-500人,高新区天益街理想中心4栋5楼,10382,2155,公共交通,2人 | 高中 | 工作经验不限,2017-03-15,"
1、根据产品的特性，热情引导顾客购物； 2、运用销售技巧，促成商品的销售； 3、执行公司制定的各项销售政策； 4、跟踪回访顾客并提供完善的售后服务； 5、协助完成店铺陈列、搭配等与销售相关的工作。 职位要求： 1、形象气质佳； 2、对服装有强烈的敏锐度，并热爱服装行业； 3、销售能力出众，有女装销售工作经验优先； 4、抗压能力强，能适应快节奏工作。 职位待遇：4000-8000元/月 （底薪+工龄工资+星级工资+达标奖+提成+年终奖）+社保+专业技能培训+带薪年休假+团队活动+免费旅游+传统节日礼品+生日礼物备注：投递简历时请描述工作经验！ ",http://m.51job.com/search/jobdetail.php?jobtype=0&jobid=81099812
品牌主管,0.6-1.2万/月,9000,成都启发分期科技有限公司,民营公司,150-500人,天府软件园B6区3楼,15999,3003,公共交通,1人 | 学历不限 | 工作经验不限,2017-03-15,"
						岗位职责：
1、参与制定公司总体品牌战略，全面负责公司品牌宣传工作；
2、参与拟定公司产品整体品牌策略，制定品牌传播方案并组织实施；
3、负责公司品牌形象和价值提升的持续优化，提升公司品牌认知度、美誉度和影响力；
4、负责品牌异业合作和跨界营销，联合各大品牌进行跨界联合营销，带动品牌知名度的提升；
5、负责对外的合作、推广和宣传工作，网站合作与联盟、媒体合作、新闻炒作、口碑合作等各种营销活动。 
任职要求：
1、 本科以上学历，3年以上互联网行业品牌、市场相关工作经验；
2、 熟悉品牌推广运作，具有一定品牌策略能力及整合技巧，有成功组织大型线下市场活动经验与案例；
3、 有较强",http://m.51job.com/search/jobdetail.php?jobtype=0&jobid=85361009
品牌经理,0.7-1万/月,8500,四川蜀九香企业管理有限公司,民营公司,1000-5000人,成都市西三环一段内侧星狮路711号大合仓商馆14楼,11860,3820,公共交通,1人 | 本科 | 3-4年工作经验,2017-03-15,"
						岗位职责
1、拟定品牌发展策略和全国营销方案； 
2、制订全年度品牌推广计划和投入费用预算及损益预估；
3、做好目标消费群调查和品牌跟踪调查；
4、提升品牌竞争力，改良老产品，开发新产品；
5、销售状况追踪,撰写分区域推动计划；
6、年度市场总结、计划；
任职资格
1、熟悉餐饮行业的品牌运营。有丰富的品牌推广经验，
2、产品意识强，市场洞悉力高，具备一定的媒体资源，熟悉各种宣传渠道。						",http://m.51job.com/search/jobdetail.php?jobtype=0&jobid=85389611
品牌及市场主任（PR）,6-8千/月,7000,九龙仓中国置业有限公司 WHARF CHINA ESTATES LIMITED,外资（非欧美）,500-1000人,成都市红星路三段1号成都国际金融中心1号写字楼9楼,1510,1043,公共交通,1人 | 本科 | 3-4年工作经验 | 英语 良好,2017-03-15,"
						岗位职责:
1. 与媒体保持良好的沟通，有效地维护媒体关系；
2. 紧密跟踪媒体报道执行情况，并及时反馈调整，确保传播计划的落实； 
3. 收集并整理媒体的信息和动态，分析媒体宣传规律和模式； 
4. 撰写传播项目的媒体监测报告，并对传播效果进行的分析和评估 
5. 树立公司良好的公众形象，及时有效的处理危机公关及日常公关事件；
6. 通过行业内活动等多种形式与行业内客户建立广泛联系，发展和维护公司内外的公共关系，扩大公司资源。

任职要求:
1. 大学本科或以上学历，新闻、传播、广告、中文专业毕业优先考虑；
2. 3年以上公关公司、广告公司、媒体、市场或相关",http://m.51job.com/search/jobdetail.php?jobtype=0&jobid=82603618
巴黎欧莱雅品牌 - 销售代表（第三方员工）- 成都,,',欧莱雅（中国）有限公司,外资（欧美）,1000-5000人,西陵经济开发区西湖路18号,,,,2人 | 大专 | 1年工作经验,2017-03-15,"
*Key Job Accountabilities 主要职责: 负责成都市区NAK和本地客户及门店管理工作，达成月度销售目标； 终端陈列管理，促销执行，客情维护； 制定并执行门店拜访计划，实时反馈； 及时更新门店物料，维护门店形象； 准时、准确的提供销售数据及各项报告。*Preferred Candidate Profile 对候选者要求: 专科以上学历、相貌端正、有良好的沟通能力和执行力，责任心强； 熟练使用OFFICE常用办公软件 有快销品行业销售经验者优先 备注：本职位为第三方用工性质，即该职位劳动合同与第三方专业人力资源服务机构签署，五金及其他社会福利完善我们对外发布的全部职位信息将",http://m.51job.com/search/jobdetail.php?jobtype=0&jobid=77190180
专聘品牌推广师、咨询师、策划师等营销管理贤才,8-10万/年,7500,太平人寿保险有限公司四川分公司,国企,10000人以上,青羊区顺城大街308号冠城广场四楼0403；联系电话：13608065067,3574,1706,公共交通,20人 | 本科 | 工作经验不限,2017-03-15,"
一、招聘岗位：1、品牌推广师、品牌咨询师、、市场分析调研员、策划师等营销管理贤才：薪资待遇：第一到第三个月为试用期；薪酬5000~8000+管理津贴+季度奖金+年终奖+培训+旅游+保险（按职级拥有意外、医疗、及长期服务津贴、养老保障）。二、招聘要求： 1、本科及以上学历（含应届毕业生） 2、校团委、学生会或班干部 3、高追求、有成功创业经历者优先 4、研究生、海归优先5、有特殊技能者优先6、形象气质佳、男***别不限：***身高158cm及以上、***身高168cm及以上 三、简历接收：1、投递邮箱：TPSC_HR@163.com2、联系方式：13608065067（周经理） ",http://m.51job.com/search/jobdetail.php?jobtype=0&jobid=81205682
品牌销售经理(4000-10000/月+公寓住宿+国内外度假）,0.4-1万/月,7000,成都康博仕科技有限公司,民营公司,1000-5000人,金牛区一环路北三段1号万达广场sohoD座2305-2308,6872,1935,公共交通,4人 | 学历不限 | 工作经验不限,2017-03-15,"
						岗位职责：
1、负责制定公司区域性的销售计划与执行
2、市场开发、产品销售、品牌推广及客户关系维护
3、后期会负责公司营销队伍的管理培训与营销技能培训
4、负责监督销售团队的目标制定与执行

岗位要求：
1、年龄20-35岁以内，学历不限
2、市场营销专业、有销售经验者或优秀毕业生优先选择
3、形象必须专业、气质大方、着装得体
4、沟通能力、学习能力强，热爱运动
5、愿意从基层做起，并且接受公司的专业培训（带薪）

薪资待遇：
1、底薪+绩效奖金+高额提成+团队管理奖金+免费带薪培训+丰厚福利+晋升空间(多劳多得，年薪100000以上）
2、一经录用公司免费提供电梯公寓式住宿
",http://m.51job.com/search/jobdetail.php?jobtype=0&jobid=86560106
品牌企划经理,0.8-1万/月,9000,卡美多集团成都鞋业有限公司,民营公司,1000-5000人,武侯区簇马路三段,21453,6127,公共交通,1人 | 本科 | 5-7年工作经验,2017-03-15,"
						岗位职责：
1、公司品牌研究与整体战略规划，制定年度及阶段性的品牌传播策略与推广计划；
2、公司品牌整合传播管理，包括公关、宣传、广告、媒介等所有涉及到品牌的的策划、宣传、推广，建立良好口碑，提升公司社会形象和品牌影响力；
3、组织搭建品牌管理工作体系，推动品牌策略的组织实施；
4、密切配合各部门的宣传推广活动，从品牌管理角度给出合理化建议；
5、结合不同的媒体形式，分别确定品牌传播的创意与内容；
6、品牌维护与管理，公共关系建设、危机公关事件处理；
7、品牌资源管理及评估，定期监测品牌运营状况并调整相应的品牌策略。
8、企业CIS的应用和推广，规范及提升企业品",http://m.51job.com/search/jobdetail.php?jobtype=0&jobid=86896195
品牌总监,0.8-1万/月,9000,丽人丽妆,民营公司,1000-5000人,上海市徐汇区番禺路876号,21147,60621,公共交通,1人 | 学历不限 | 5-7年工作经验,2017-03-15,"
						工作职责：
1.负责自有品牌的品牌塑造、品牌传播;
2.根据品牌定位制定品牌传播方案、活动设计、扩大品牌影响力;
3.根据品牌的发展阶段规划适应的传播节奏;
4.负责自有品牌社交媒体的策划、运作;
5.管理与品牌有关的自媒体、社区号的培育，以及与相关社交媒体的合作;
6.负责自有品牌的销售管理;
7.整合公司资源，完成销售指标.
岗位要求：
1.本科以上学历，市场营销/广告/传播/中文俱可;
2.5年以上工作经历，有广告公司文案、客户服务、策划经历，或企业市场部经历,具备实战营销经验;
3.具备互联网营销及推广、或零售经验;
4,文字表达能力强、思维敏捷、有逻辑性;
5.较强的",http://m.51job.com/search/jobdetail.php?jobtype=0&jobid=78373399
化妆品品牌店长/柜长,6-8千/月,7000,上海梵蔻化妆品贸易有限公司,外资（非欧美）,150-500人,闵行区宜山路1618号（新意城）A栋A1105-1108室,28311,62618,公共交通,1人 | 学历不限 | 3-4年工作经验,2017-03-15,"
						岗位职责
1.清楚了解每天柜台销售达成情况达标，确保销售达标，使店铺处于良好的经营状态；
2.根据月指标，合理下达日销售指标，未完成部分及时做好调整；
3.发现BA专业技能不足的，及时进行有计划的培训，并推进跟进推动；
4.确保店铺始终保持整洁有序，负责店铺商品订货、验收及出入库管理、系统登陆等日常盘点、确保商品完好无损；
5.完成领导下达的工作任务。
职位要求
1.23-35周岁，身高1.58米以上，形象气质佳；
2.身体健康、具有亲和力，积极乐观，高度的工作热忱及优秀的客户服务意识；
3.至少1年以上知名化妆品品牌店长/柜长管理经验；
4.具备化妆品护肤及彩妆基本知识，能通",http://m.51job.com/search/jobdetail.php?jobtype=0&jobid=76316658
品牌推广专员,10-15万/年,10416.67,泸州老窖股份有限公司,国企,1000-5000人,四川省泸州市龙马潭区南光路9号,109981,10448,公共交通,1人 | 本科 | 3-4年工作经验,2017-03-15,"
						1、负责品牌创意的策划及执行，包含TVC、主平面、新媒体、活动、软文等的创意、执行及审定工作； 
2、负责品牌各销售节点全国性统一活动的策划、创意。
任职要求
1.本科及以上学历，广告类相关专业
2..视觉、设计感强，有高端品牌推广案例这优先；
3.具有较强的沟通能力、协调能力及文案写作能力；
4.能够独立完成活动统筹规划，并具备发现与解决问题的能力。						",http://m.51job.com/search/jobdetail.php?jobtype=0&jobid=83698745
品牌服装导购,4-8千/月,6000,成都市华蕾服饰有限公司,民营公司,150-500人,高新区天益街理想中心4栋5楼,10382,2155,公共交通,2人 | 高中 | 1年工作经验,2017-03-15,"
						1、根据产品的特性，热情引导顾客购物；  2、运用销售技巧，促成商品的销售；  3、执行公司制定的各项销售政策；  4、跟踪回访顾客并提供完善的售后服务；  5、协助完成店铺陈列、搭配等与销售相关的工作。  职位要求：  1、形象气质佳；  2、对服装有强烈的敏锐度，并热爱服装行业；  3、销售能力出众，有女装销售工作经验优先；  4、抗压能力强，能适应快节奏工作。  职位待遇：4000-8000元/月  （底薪+工龄工资+星级工资+达标奖+提成+年终奖）+社保+专业技能培训+带薪年休假+团队活动+免费旅游+传统节日礼品+生日礼物 备注：投递简历时请描述工作经验！						",http://m.51job.com/search/jobdetail.php?jobtype=0&jobid=81642373
品牌宣传,8-15万/年,9583.33,华侨城西部投资有限公司,国企,500-1000人,成都市金牛区西华大道16号,14898,3619,公共交通,3人 | 学历不限 | 工作经验不限,2017-03-15,"
						工作职责
——
任职资格

1.本科及以上学历，市场营销、管理类相关专业；
2.3年及以上品牌管理工作，品牌传播经验。优秀的规划能力、沟通能力，出色的创新能力及分析计划能力，责任心强重大战略规划和政策制定、活动方案制定工作经验；
3.具有良好的项目推广策划能力、敏锐的市场洞察力及分析整合能力。

备注说明：职务会根据能力及潜质定位定薪。						",http://m.51job.com/search/jobdetail.php?jobtype=0&jobid=83547398
品牌宣传与策划,0.7-1万/月,8500,成都长城开发科技有限公司,国企,500-1000人,四川省成都市高新西区合作路1218号,27959,5962,公共交通,若干人 | 本科 | 3-4年工作经验 | 英语 良好,2017-03-15,"
						【岗位职责】：
1、根据公司战略，进行品牌规划及品牌体系建设和运营；
2、根据品牌定位，负责形象推广、宣传及市场活动的的规划设计
3、按业务需求进行关系拓展、维护；
4、品牌推广、市场宣传活动的计划拟定、组织和执行
5、公司网站及宣传材料的维护更新；推广文案的撰写等

【任职要求】：
1、本科以上学历，具有三年以上品牌策划推广工作经验，英语六级以上，营销、策划、新闻或广告类专业优先；
2、熟悉公关媒体品牌推广运作，具有出色的品牌策略能力及整合传播技巧；有成功的企业营销策划案例
3、性格开朗，具有较强的沟通、组织、策划能力，良好的团队合作精神；
4、具有良好的",http://m.51job.com/search/jobdetail.php?jobtype=0&jobid=86093421
品牌企划主管,6-8千/月,7000,卡美多集团成都鞋业有限公司,民营公司,1000-5000人,武侯区簇马路三段,21453,6127,公共交通,1人 | 学历不限 | 5-7年工作经验,2017-03-15,"
岗位职责：1、公司品牌研究与整体战略规划，制定年度及阶段性的品牌传播策略与推广计划；2、公司品牌整合传播管理，包括公关、宣传、广告、媒介等所有涉及到品牌的的策划、宣传、推广，建立良好口碑，提升公司社会形象和品牌影响力；3、组织搭建品牌管理工作体系，推动品牌策略的组织实施；4、密切配合各部门的宣传推广活动，从品牌管理角度给出合理化建议；5、结合不同的媒体形式，分别确定品牌传播的创意与内容；6、品牌维护与管理，公共关系建设、危机公关事件处理；7、品牌资源管理及评估，定期监测品牌运营状况并调整相应的品牌策略。8、企业CIS的应用和推广，规范及提升企业品牌形象，制定VI、SI标准并执行实施9、负责公",http://m.51job.com/search/jobdetail.php?jobtype=0&jobid=82256315
品牌文案,0.3-1万/月,6500,优华贝爱（中国）科技有限公司,外资（非欧美）,150-500人,武侯区龙腾东路36号中海大厦,10279,3222,公共交通,若干人 | 大专 | 1年工作经验 | 普通话 熟练 | 英语 良好,2017-03-15,"
岗位职责 1、负责公司新品牌创立的文案构想、推广策划识文案撰写；1、参与公司重要品牌项目的创意构思、文案撰写；2、执行并监督所负责项目的创意构思和文案；3、稿件思路清晰，能够完成稿件写作思路规划；4、独立撰写各类稿件（新闻稿、综述稿、评论稿、专访稿等）等 任职资格 1、新闻学、传播学、中文、经济管理类相关专业，大专以上学历；2、1年以上市场策划及文案工作经验，有成功案例者优先；3、能够准确捕捉产品亮点，具备恰如其分的文字表现能力；4、熟悉专业创意方法，思维敏捷，洞察力强，文字功底扎实，语言表达能力强；5、能独立完成项目、广告等推广文案的撰写 ",http://m.51job.com/search/jobdetail.php?jobtype=0&jobid=83292387
高薪诚聘 品牌服装店店长,6-8千/月,7000,浙江春风纺织集团有限公司,民营公司,1000-5000人,浙江省杭州市滨江区滨康路188号,27009,56047,公共交通,1人 | 高中 | 5-7年工作经验,2017-03-15,"
						岗位要求：

1、中专及以上学历 ,形象气质佳,普通话标准、流利;

2、有良好的顾客服务意识及沟通能力,销售技巧良好,工作主动积极,有责任心；

3、热爱服装行业,亲和力强；

4、有品牌服装专卖店店长或店经理工作经历者优先考虑。

5、有责任心，优秀的谈吐能力。


有意向者请速投简历，或者直接电话联系公司总部0571-81067123，董小姐						",http://m.51job.com/search/jobdetail.php?jobtype=0&jobid=71808069
品牌经理,0.8-1.2万/月,10000,环球智达科技（北京）有限公司,合资,150-500人,北京市朝阳区小关东里14号z中航发展大厦A座二层,25205,57426,公共交通,1人 | 大专 | 8-9年工作经验,2017-03-15,"
						岗位职责：
1)	制定投影品牌和市场营销活动的管理策略，维护公司品牌形象，建立品牌管理和新闻传播体系；
2)	制定年度、季度及各阶段的品牌策划方案和品牌整合营销方案；
3)	展会、电商平台、官网的营销推广，线上线下营销活动策划和执行，各类广告投放；
4)	进行市场调研与分析，研究同行、业界发展状况，定期进行市场预测及情报分析，为公司决策提供依据；
5)	搜索引擎投放和优化；对公司产品的竞品品牌的；
6)	进行新品上市的策划工作，与项目组进行沟通，根据研发资料和实际体验，提炼新产品卖点；
7)	对产品的宣传物料制作：广告拍摄、宣传画面设计、上市物料设计和渠道终端店面布置设计等工作",http://m.51job.com/search/jobdetail.php?jobtype=0&jobid=85427457
品牌女装导购,4-8千/月,6000,成都市华蕾服饰有限公司,民营公司,150-500人,高新区天益街理想中心4栋5楼,10382,2155,公共交通,2人 | 高中 | 2年工作经验,2017-03-15,"
1、根据产品的特性，热情引导顾客购物； 2、运用销售技巧，促成商品的销售； 3、执行公司制定的各项销售政策； 4、跟踪回访顾客并提供完善的售后服务； 5、协助完成店铺陈列、搭配等与销售相关的工作。 职位要求： 1、形象气质佳； 2、对服装有强烈的敏锐度，并热爱服装行业； 3、销售能力出众，有女装销售工作经验优先； 4、抗压能力强，能适应快节奏工作。 职位待遇：4000-8000元/月 （底薪+工龄工资+星级工资+达标奖+提成+年终奖）+社保+专业技能培训+带薪年休假+团队活动+免费旅游+传统节日礼品+生日礼物备注：投递简历时请描述工作经验！ ",http://m.51job.com/search/jobdetail.php?jobtype=0&jobid=81099584
品牌推广经理/企划经理,5-8千/月,6500,成都全时叁陆伍超市管理有限公司,民营公司,150-500人,成华区府青路2段2号凯龙财富大厦12层,5266,1789,公共交通,若干人 | 大专 | 1年工作经验,2017-03-15,"
						岗位职责：
1.全面负责公司产品的品牌规划、策划及推广
2.负责公司媒体关系的建立与维护，负责企业新产品、新业务、新项目等的传播工作，包括软文撰写、线上传播、信息收集与整理等
3.组织实施品牌推广及发展策略，建立有效分析、评估体系，保障品牌建设及推广效果
4.负责公司品牌发展方向，建立高效的品牌管理体系及形象，制作完善品牌管理制度及流程
5.参与公司内外部业务推广项目及公司重大公关活动策划、宣传工作，利用各种宣传渠道，整合资源
6.了解平面设计软件，懂得印刷前期制作和后期工艺流程
7.上级领导交办的其他工作

任职要求：
1.本科以上学历，市场营销、管理等相关专业
2.二年以上",http://m.51job.com/search/jobdetail.php?jobtype=0&jobid=83130998
服装品牌销售经理,0.8-1万/月,9000,四川军梅盛世服饰有限公司,民营公司,150-500人,人民北路金牛万达广场SOHO D座12楼,6725,1816,公共交通,1人 | 大专 | 5-7年工作经验,2017-03-15,"
						岗位职责：
1、负责所辖品牌运营工作，包括进、销、存的管理；
2、负责所辖品牌销售目标、回款的达成；
3、负责客户管理、维护及市场拓展工作；
4、负责所属客户终端、门店各项管理工作，保证销售稳步增长；
5、负责贯彻落实公司各项销售政策和管理政策；
任职要求：
1、女身高1米58以上，男身高1米70以上，形象气质佳，沟通能力强；
2、市场营销等相关专业大专及以上学历，有服装行业5年以上销售及管理经验；
3、具备较强的沟通协调能力、执行能力、团队建设能力和数据分析能力；
4、具备较强的抗压能力，吃苦耐劳，适应出差。
薪资待遇：
底薪5000+月度回款提成+年度利润分成，年收入8万以",http://m.51job.com/search/jobdetail.php?jobtype=0&jobid=68438091
品牌主管,6-8千/月,7000,深圳前海童育汇电子商务股份有限公司成都分公司,民营公司,500-1000人,高新区天益街38号理想中心3栋3楼,10465,2220,公共交通,1人 | 本科 | 工作经验不限,2017-03-15,"
						工作职责
岗位职责:
1.负责为创世纪教育集团旗下部分教育培训项目策划全年品牌营销方案；
2.根据全年营销方案策划不同类型活动，撰写活动方案；
3.根据活动方案，带领团队完成活动前期筹备，活动执行及活动反馈；
4.负责对内与各部门，各项目方的沟通协调，确保活动顺利开展；对外开拓优质的渠道资源及客户资源，并建立良好合作关系。

任职资格
任职资格:
1.2年以上品牌营销策划相关工作经验，1年以上主管经验；
2.有丰富的活动策划及统筹执行经验；
3.熟悉公关媒体品牌推广运作，具有出色的品牌策略能力及整合传播技巧；
4.品牌意识强，具有出色提案能力和沟通技巧,有",http://m.51job.com/search/jobdetail.php?jobtype=0&jobid=84408248
品牌经理,6-8千/月,7000,成都天地网信息科技有限公司,民营公司,150-500人,"成都市成飞大道1号青羊工业园区总部C区10栋电子商务大厦7楼（公交路线：乘坐78,32,229路成飞大道下，905，319,33妇女儿童医院下）",24464,61181,公共交通,若干人 | 本科 | 5-7年工作经验 | 普通话 熟练 | 英语 良好,2017-03-15,"
						岗位职责：

1、协助品牌总监拟定公司及分公司的品牌发展策略，组织搭建品牌管理工作体系，建立与维护公司产品品牌的定位；

2、从市场品牌角度提出合理化建议，提升公司旗下各类产品的品牌竞争力；

3、协助制定并执行品牌管理的具体措施，优化业务流程；

4、协助制定并执行本部门的资产管理、文档管理、品质管理、预算管理等工作，提升部门工作效率；

5、协助品牌总监进行设计工作的需求单的汇总及设计工作排期协调及工作推进。

6、 做好企业的危机公关、媒体关系维护、自媒体内容运营等系列品牌事务；

7、行业、政府政策收集，行业市场相关数据定期更新；

8、公司品牌活动策划",http://m.51job.com/search/jobdetail.php?jobtype=0&jobid=86390029
品牌经理,1-1.5万/月,12500,成都米珈科技有限公司,民营公司,150-500人,成都市府城大道中段88号中航大厦A座1601,11096,2726,公共交通,1人 | 本科 | 5-7年工作经验,2017-03-15,"
						工作职责：
1、根据公司发展战略规划，进行米珈品牌战略规划及米珈品牌体系建设。
2、全面负责米珈品牌的营销策划、设计、推广工作。
3、根据米珈产品的发展战略规划，制定市场推广策略。
4、深入了解市场动态，结合米珈产品自身优势完善品牌策略。
5、制定月度、季度及年度计划和预算并实施创意策划、组织实施、分析评估各类线上线下营销活动，达成活动目标，为活动内容质量和效果负责。
6、深度整合利用内部资源，与新媒体、公关等部门协作，实现活动的整合传播。 
7、深入了解当下热点，创意策划各类主题，积极探索和创新网络营销活动新手段、新模式。
8、制定并实施全渠道的市场推广策略，及商务合作资源开",http://m.51job.com/search/jobdetail.php?jobtype=0&jobid=84559306
黛珂品牌美容顾问,7-8千/月,7500,高丝化妆品销售（中国）有限公司,外资（非欧美）,1000-5000人,上海市虹口区四川北路859号中信广场5楼,29229,61303,公共交通,若干人 | 高中 | 1年工作经验,2017-03-15,"
“COSME DECORTE黛珂”诞生于1970年，拥有近40年的历史，一直以来受到全世界***的钟爱，是“KOSE高丝”引以为傲的最尖端的高档品牌之一。她向顾客提供的是运用极具前瞻性的尖端技术所生产的极为卓越的品质，以及通过细致完善的服务传达的究极之美。“COSME DECORTE黛珂”热忱欢迎爱美和热爱美容事业的您，在这里“COSME DECORTE黛珂”将为您提供更加广阔的舞台，能充分展示您的才能，把美带给更多爱美的人。主要职责：1） 向顾客介绍美容方面的知识及适合顾客需求的产品，在良好的沟通气氛中实现销售。2） 通过认真聆听顾客要求，了解顾客喜好，让顾客了解产品等信息，协助顾客选择。",http://m.51job.com/search/jobdetail.php?jobtype=0&jobid=86718837
设计师品牌斐娜晨诚招督导/驻店督导,6-8千/月,7000,安正时尚集团股份有限公司,民营公司,1000-5000人,上海市长宁区临虹路168弄国际商务花园7号办公楼,17941,60768,公共交通,1人 | 学历不限 | 工作经验不限,2017-03-15,"
						任职资格:
1、高中以上学历 ,20--35岁,形象气质佳,普通话标准、流利;
2、5年左右服装行业工作经验,3年以上销售管理经验;
3、有优秀的团队管理能力,善于人员、商品、销售技巧等培训;
4、成熟稳重、诚实守信,有良好的沟通表达能力、团队协作精神、亲和力等;
5、具备良好的职业态度及工作热情,愿与公司共同发展。
岗位职责:
1、了解公司品牌的经营方针,依据品牌的特色和风格等制定销售策略;
2、遵守公司各项规定,执行上级指示,完成公司下达销售任务;
3、负责管理日常工作,监督考核员工的工作表现,及时反映员工动态,并对员工进行培训;
4、负责盘点、帐簿制作、商品交接的准确无误",http://m.51job.com/search/jobdetail.php?jobtype=0&jobid=82867954
导购/高端品牌女装销售（桐梓林/航空路）,0.5-1万/月,7500,成都香榭丽实业有限公司,民营公司,150-500人,第一办公区：成都市武侯区人民南路四段45号新希望大厦12楼7号,8020,1937,公共交通,若干人 | 大专 | 3-4年工作经验,2017-03-15,"
						岗位职责


1、接受上级的工作安排，具备独立完成搭配的销售技能，实现销售目标；

2、熟练掌握卖场商品知识；

3、及时向直属上级汇报销售情况；

4、了解顾客的需求用专业知识引导顾客并做好服务最终达成销售；

5、做好所负责区域的卫生清洁工作。

任职资格

1、高中及以上学历；

2、年龄20岁—35岁，五官端正，身体健康，身高1.60米以上；

3、普通话标准流利；

4、良好的服务意识和表达沟通能力；

5、良好职业道德和个人素养；

6、有高端品牌女装销售经验者优先，

（无相关工作经验且条件优秀者有销售工作经历即可）；

7、试用期月薪",http://m.51job.com/search/jobdetail.php?jobtype=0&jobid=73427264
巴黎欧莱雅品牌-初级市场推广专员(第三方员工)-成都,,',欧莱雅（中国）有限公司,外资（欧美）,1000-5000人,西陵经济开发区西湖路18号,,,,若干人 | 大专 | 2年工作经验,2017-03-15,"
						*Key Job Accountabilities 主要职责:
？	参与专柜及陈列物料的计划、设计制作、现场安装、质量监督等相关流程
？	确保新品上市陈列物料在所辖区域的到店安装和标准陈列，并按要求反馈上市结果
？	定期现场检查陈列及柜台维护情况, 收集专柜、门店及市场信息,培训陈列知识，及时解决和反馈门店陈列问题
？	通过门店及客流变化发现位置及布局问题，并通过修改设计或与销售沟通及时解决，以提升形象或销量；
？	制作、核对区域报表及数据库,完成区域数据资料存档
？	管理并监督本地和总部供应商质量及服务情况,及时解决并反馈相关问题

*Preferred Can",http://m.51job.com/search/jobdetail.php?jobtype=0&jobid=83164423
品牌经理,0.7-1万/月,8500,四川嘉宝资产管理集团股份有限公司,上市公司,1000-5000人,成都市高新西区西芯大道9号蓝光集团,20241,4630,公共交通,1人 | 学历不限 | 工作经验不限,2017-03-15,"
						岗位职责：
1、官方微信运营；
2、媒体关系管理；
3、负面舆情处理；
4、各类新闻稿、公文撰写；
5、媒体及活动策划。

任职要求：
1、具有企业官方微信运营经验，能独立策划并完成微信稿件的内容撰写；
2、具有较强的文字功底，能独立完成各类新闻稿件、公文类写作要求；
3、具备一定当地媒体关系，对处理各类媒体关系具有经验；
4、具有一定的策划能力，能独立完成事件性媒体策划和活动策划。						",http://m.51job.com/search/jobdetail.php?jobtype=0&jobid=81950884
品牌推广经理/主管,6-8千/月,7000,成都美景舒适家居有限公司,民营公司,1000-5000人,成都市,5121,2007,公共交通,2人 | 本科 | 3-4年工作经验,2017-03-15,"
						岗位职责
1、公司品牌的管理与推广
2、销售类活动的创意、策划与执行
3、媒体的选择、投放以及关系维护
4、带领和管理好本小组员工，完成部门制定的工作目标，并在工作中形成良好的氛围
岗位要求
1、年龄：25——35岁
2、本科及以上学历
3、3年以上市场或媒体工作经验，2年以上主管工作经验
4、具有较强的公关能力、市场策划能力、品牌管理能力、演讲能力、影响力
税后薪资：8000——10000元/月

亦可于2016年11月19日和20日至新会展中心现场招聘会面试，展位号：8C134S						",http://m.51job.com/search/jobdetail.php?jobtype=0&jobid=61368365
品牌总监,1.2-1.5万/月,13500,成都天使印象儿童摄影有限公司,民营公司,150-500人,成都市高新区环球中心E2座18楼1801-1805,13414,2552,公共交通,1人 | 本科 | 5-7年工作经验,2017-03-15,"
						岗位职责：
1、 根据公司发展战略规划，进行公司品牌战略规划及品牌体系建设。全面负责公司品牌策划、设计、推广及管理工作；建立和发展公司的品牌文化，产品文化；
2、 准确把握公司的品牌定位，公司产品设计风格，根据市场需求和变化、区域特性和市场信息进行品牌策划；
3、 制定与实施品牌营销战略、策略，地区覆盖及推广计划，包括日常维护工作；
4、 建立和维护与媒体、消费者等公众的良好关系，树立良好的品牌形象；
5、 根据品牌战略规划，领导完成对品牌形象的监督与管理，确保品牌形象的统一传播；
6、 根据品牌年度计划，审核年度广告、公关计划和预算，并监督投放过程和效果；
7、 负责各目标媒",http://m.51job.com/search/jobdetail.php?jobtype=0&jobid=82690805
品牌主管,6-8千/月,7000,四川沱牌舍得营销有限公司,民营公司,1000-5000人,成都市高新区环球中心E1单元11楼9号（地铁1号线锦城广场A出口对面）,13912,2950,公共交通,3人 | 学历不限 | 工作经验不限,2017-03-15,"
						岗位职责
1、负责品牌及市场推广工作的检查与调研，评估分析。
2、协助经理进行市场费用的规划及执行方案的制定。
3、负责对市场推广费用的汇总、评估、分析，相关方案的上传下达；
4、负责价格及费用执行情况的跟踪、检查、评估。

任职资格
- 大专及以上学历，市场营销、广告等相关专业；
- 3年品牌管理经历；
- 善于主动沟通、品牌策划方案撰写执行、善于与营销团队及相关部门衔接						",http://m.51job.com/search/jobdetail.php?jobtype=0&jobid=79863833
CH5502策划经理（1W+，优质项目，品牌开发商）,1-1.5万/月,12500,成都正合地产顾问股份有限公司,民营公司,1000-5000人,成都市东城根上街95号成证大厦2楼,4085,1696,公共交通,2人 | 学历不限 | 工作经验不限,2017-03-15,"
						品牌开发商——万科、保利、绿地等一线开发商！
平台与实力——西南顶尖代理公司、成功挂牌新三板
没有天花板——晋级11层通道可打拼！
持续培训期——228门内训课程可享受！

需要你负责：
1）负责2-3个房地产项目营销策划管理工作，指导项目策略、执行等；
2）负责团队成员的专业提升、团队建设工作
3）主导项目拓展，撰写投标报告

我们喜欢这样的你：
1）大学专科或以上学历，专业不限；三年以上同岗位工作经验；
2）独立、全程操作3个以上房地产项目，有项目前期工作经验者优先；较强的市场敏锐度，熟悉房地产营销运作、熟悉策划报告定作及策划工作流程。
3）较强的逻辑",http://m.51job.com/search/jobdetail.php?jobtype=0&jobid=85302969
品牌经理,0.7-1.2万/月,9500,天创时尚-西南区,外资（非欧美）,150-500人,四川省成都市古卧龙桥街10好成物大厦11楼,2509,1371,公共交通,1人 | 大专 | 5-7年工作经验 | 普通话 良好,2017-03-15,"
						岗位职责： 1、根据所辖区域年度营运发展规划，协助品牌负责人细化相关品牌营运执行方案；2、组织销售部门人员开展日常销售管理，通过促销、行销、特卖、展卖等营销活动策划，以达成预定销售目标；3、跟进销售目标的实施情况，及时进行销售方案调整，达成目标；4、负责协调人货场以及各公共职能资源，达成品牌日常营运工作目标；5、负责所辖区域销售团队优化配置及激励等日常管理；6、负责品牌营销活动的策划、谈判以及实施跟进；7、负责建立健全品牌日常营运操作流程，并有效监控各项工作正常运行；8、完成上级领导临时安排其它工作。任职资格：1、大专及以上学历；2、8年以上工作经验，其中5年零售行业销售管理经",http://m.51job.com/search/jobdetail.php?jobtype=0&jobid=84651185
品牌中心资深文案广告策划经理,8-8千/月,8000,成都易贷网金融信息服务有限公司,民营公司,1000-5000人,四川省成都市锦江区大业路财富中心上普国际C座22楼,2980,1743,公共交通,1人 | 本科 | 3-4年工作经验,2017-03-15,"
						1.  基于对目标受众的精确洞察，进行广告方案策划和广告文案撰写；
2.根据数据分析结果定期更新广告文案；
3.按时完成各品牌营销部的文案需求并协助其完成广告策略执行；
4.指导初级文案人员进行广告文案创作；

任职资格：
1.本科及以上学历；
2. 3年以上广告行业经验；
3. 擅长各类不同文体写作，具有出众的语言驾驭能力；
4. 了解线下和线上各类营销推广方式，能够快速学习并撰写各类文案；
5.  具有发散型创意思维，善于独立思考；
6. 善于沟通，并具备良好的团队合作意识；						",http://m.51job.com/search/jobdetail.php?jobtype=0&jobid=86096512
黛珂品牌store manager,0.8-1万/月,9000,高丝化妆品销售（中国）有限公司,外资（非欧美）,1000-5000人,上海市虹口区四川北路859号中信广场5楼,29229,61303,公共交通,1人 | 大专 | 2年工作经验,2017-03-15,"
“DECORTE黛珂”诞生于1970年，拥有近40年的历史，一直以来受到全世界的钟爱，是“KOSE高丝”引以为傲的最尖端的高档品牌。她向顾客提供的是运用最具前瞻性的尖端技术所生产的极为卓越的品质，以及通过最细致完善的服务传达的究极之美。“DECORTE黛珂”热忱欢迎爱美和热爱美容事业的您，在这里“DECORTE黛珂”将为您提供更加广阔的舞台，能充分展示您的才能，把美带给更多爱美的人。完善的充满诱惑力的薪酬福利待遇等着您。主要职责：1）所辖区域专柜柜长的工作确认和指导2）与总部企画部门的沟通，各店的情况及施策对应，品牌企画在各店的实施情况的确认和监督3）所辖区域各个专柜的销售数据分析及对策（快",http://m.51job.com/search/jobdetail.php?jobtype=0&jobid=86733079
品牌经理,1-1.5万/月,12500,门里集团,民营公司,500-1000人,锦江区人民南路二段1号仁恒置地广场35层,4234,1528,公共交通,1人 | 本科 | 5-7年工作经验,2017-03-15,"
						1、根据集团品牌事业部要求，负责集团以及集团旗下各大事业部相关品牌执行落地，如品牌活动、推广等；
2、根据地产事业部营销的年度计划和阶段需求，负责执行城市公司重大项目的品牌战略、计划、执行落地；
3、在品牌事业部指导下，负责集团的品牌日常维护、推广，如新媒体推广、集团内刊。
4、建立和管理媒体资料库。
任职要求：
1、本科以上学历，市场营销、中文、新闻等相关专业；欢迎海外院校毕业和工作经验的朋友。
2、3年以上相关工作经历，媒体资源丰富，具有危机公关的经验和能力；
3、掌握房地产基础知识、市场营销、法律等相关知识，熟悉市场情况，热爱品牌和文化工作；
4、较强的中",http://m.51job.com/search/jobdetail.php?jobtype=0&jobid=85894693
venchi品牌店长,1-2万/月,15000,成都美美力诚百货有限公司,民营公司,500-1000人,人民南路二段18号川信大厦31F,4189,1492,公共交通,1人 | 大专 | 工作经验不限 | 英语 良好,2017-03-15,"
						1、协助拟定品牌发展策略和营运销售工作；
2、负责品牌策划及推广，提升品牌竞争力，从市场品牌角度提出合理化建议；
3、搭建销售团队，对品牌员工进行培训与考核。

岗位要求：
1、男：身高175cm以上，女：身高162cm以上，年龄25-35周岁，亲和力强，形象气质佳；
1、大专以上学历，三年以上的品牌运营经验，有高端食品品牌运营经验优先考虑；
2、具有优秀的沟通能力、组织协调能力，以及带团队的经验；
3、英语口语流利。						",http://m.51job.com/search/jobdetail.php?jobtype=0&jobid=82344421
品牌推广（主管/经理）,6-8千/月,7000,四川中原物业顾问有限公司,外资（非欧美）,1000-5000人,成都武侯区火车南站西路27号英联国际商务中心15层,8698,3057,公共交通,1人 | 大专 | 工作经验不限,2017-03-15,"
						岗位职责：
品牌推广方向：
1、配合公司的发展制定可执行的推广宣传方案，根据公司品牌战略，负责品牌推广工作的落地和督促执行。
2、对市场竞争、走势的总体关注，把握、分析具体情况，制定媒体广告投放计划，与媒体密切联系，把握媒体动向，并与之建立长期友好的关系
3、负责各门店的品牌包装及宣传，指导门店设计工作。
自媒体：
1、负责公司官方微信/微博常规运营管理工作，审核所有微信/微博对外发布的信息，
2、负责微博、微信大型活动方案的策划、创意、运营 ，提升微信/微博运营水平；
企业文化：
1、负责组织公司企业文化内涵的提炼、总结和完善，制订企业文化建设规划。
2、",http://m.51job.com/search/jobdetail.php?jobtype=0&jobid=85563442
品牌总监,1-1.5万/月,12500,尚作有机,民营公司,500-1000人,成都市青羊区工业集中发展区G区7栋5楼,11889,3570,公共交通,1人 | 学历不限 | 工作经验不限,2017-03-15,"
						岗位职责：
1、公司品牌研究与整体战略规划，制定年度及阶段性的品牌传播策略与推广计划，并负责调配资源推进落地实施；
2、组织搭建品牌管理工作体系，推动品牌策略的组织实施； 进行产品市场推广的策划和实施,并对推广效果进行跟踪；
3、密切配合各部门的宣传推广活动，从品牌管理角度给出合理化建， 定期分析市场情况,并提出有效推广的建议；
4、结合不同的媒体形式，分别确定品牌传播的创意与内容； 负责公司的新媒体发展研究与管理工作；
5、品牌维护与管理，负责品牌相关整合营销活动的策划及实施；负责品牌及产品广告的创意管理；
6、公司品牌整合传播管理，包括公关、宣传、广告、媒介等所有涉及到品牌",http://m.51job.com/search/jobdetail.php?jobtype=0&jobid=85430910
餐饮品牌项目负责人,0.8-1万/月,9000,四川麻辣空间餐饮管理有限公司,民营公司,1000-5000人,成都市高新区益州大道中航国际AFC广场A座12楼,14366,3963,公共交通,2人 | 学历不限 | 2年工作经验,2017-03-15,"
						岗位要求：
1、了解市场动向，分析发展状况，考察、确定经营位置；
2、设定装修风格，设计装修进度的把控；
3、人员的招聘管理，制定各项工作制度；
4、掌握原材料行情，物品的采购谈判，制定菜品价位；
5、经营关系的协调；
6、经营证照的办理；
7、制定季度、年度计划，指导监督各店执行；
8、根据市场情况和季节变幻拟定更换食品并组织实施，制定食品、饮品的标准规格，正确控制毛利率和成本；
9、制订服务技术和菜品技术培训计划发展及考核制度，组织各店店长、厨师长研究菜点，或针对性的组织人员学习新技术；
10、洽谈相关广告、饮品合作事项；
11、定期向总经理汇报业务进展，重要事项请示总经理",http://m.51job.com/search/jobdetail.php?jobtype=0&jobid=75474468
品牌运营顾问,6-8千/月,7000,成都花朵朵数据服务有限公司,民营公司,150-500人,旌阳区汇通大厦B座2403,11586,7755,公共交通,5人 | 大专 | 3-4年工作经验,2017-03-15,"
						支付宝授权的城市服务商，热诚欢迎你的加入！

工作职责：
1. 负责所属辖区内签约商户的日常维护，处理商户各类疑问；
2. 整合各类时事热点与重大事件，确定相关策划推广专题；
3. 根据支付宝口碑及签约商户的要求，制定商户各类营销策划或市场推广方案；
4. 负责方案内所涉及的各类文案、图片、宣传物品等的制作和外部机构的对接等；
5. 协助商户进行推广方案或各类活动的执行和跟进；
6. 建立良好的客户关系，树立公司的品牌形象；
7. 完成其他上级交办的任务；

任职要求：
1. 24-32岁，大专及以上学历，工商管理或市场营销类专业优先；
2. 3年及以上餐饮或快消品行业店铺工作",http://m.51job.com/search/jobdetail.php?jobtype=0&jobid=83842449
品牌经理,2.5-3万/月,27500,成都侠客岛商务中心（有限合伙）,民营公司,150-500人,成都市高新区天府软件园F区6栋5楼,15999,3003,公共交通,1人 | 本科 | 3-4年工作经验,2017-03-15,"
						职位描述
1、公司品牌研究与整体战略规划，制定年度及阶段性的品牌传播策略与推广计划，并负责调配资源推进落地实施；
2、组织搭建品牌管理工作体系，推动品牌策略的组织实施； 进行产品市场推广的策划和实施,并对推广效果进行跟踪；
3、密切配合各部门的宣传推广活动，从品牌管理角度给出合理化建， 定期分析市场情况,并提出有效推广的建议；
4、结合不同的媒体形式，分别确定品牌传播的创意与内容； 负责公司的新媒体发展研究与管理工作；
5、品牌维护与管理，负责品牌相关整合营销活动的策划及实施；负责品牌及产品广告的创意管理；
6、公司品牌整合传播管理，包括公关、宣传、广告、媒介等所有涉及到品牌的",http://m.51job.com/search/jobdetail.php?jobtype=0&jobid=85194695
品牌推广经理,15-20万/年,14583.33,成都朗基地产有限公司,民营公司,500-1000人,成都市高新区吉泰路33号,17916,3799,公共交通,1人 | 本科 | 3-4年工作经验 | 英语 ,2017-03-15,"
						主要职责：
1、全面负责品牌规划、推广及管理工作；
2、制定品牌发展方向，建立高效的品牌管理体系及品牌形象、制定完善品牌管理制度与流程；
3、组织实施品牌推广策略及品牌发展策略，建立有效的分析、评估体系，保障品牌建设及推广效果；
4、高效利用媒体资源来执行品牌营销计划，帮助企业推动品牌战略实施。

任职要求：
1、教育背景：本科以上学历，市场营销专业或硕士以上学历更佳。
2、有房地产及相关品牌管理工作5年以上的经验，并有2年以上品牌管理、促销推广、品牌定位与策划等方面的经验。
3、面有较强组织、计划、控制、协调等方能力，有人际交往能力及沟通谈判技巧。 
4、 对本行业的市场环境",http://m.51job.com/search/jobdetail.php?jobtype=0&jobid=86146489
品牌营业经理（成都）,1-1.5万/月,12500,北京班纳发迅时装有限公司,民营公司,500-1000人,北京亦庄经济开发区景园北街2号65栋,35593,58723,公共交通,1人 | 学历不限 | 工作经验不限,2017-03-15,"
						岗位职责：
1、依据年度经营目标，组织制定全年具体的商品企划、销售计划、渠道市场活动、销售政策、产品推广、终端形象提升、终端拓展、渠道开发方案等营销规划和策略，完成公司下达的经营指标；
2、根据市场情况，组织制定终端管理、终端工程、商品管理、产品推广、终端推广、陈列、培训等标准并培训落实；
3、及时 掌握、分析目标市场动态，根据市场动向、特点和发展趋势的变化，拟订（修订）各项营销策划和策略方案；
4、终端盈利模式的建设和推广；
5、按照公司的运营模式，监督本部门完成运营目标，确保工作完成的进度，并按要求向总经理汇报本部门的经营管理情况；
6、根据本部门业务的性质，为业务的开展提",http://m.51job.com/search/jobdetail.php?jobtype=0&jobid=74307630
西南区域品牌经理,2-2.5万/月,22500,深圳减字科技有限公司,民营公司,150-500人,深圳市南山区南山科技园松日鼎盛大厦10楼,29510,82567,公共交通,1人 | 本科 | 5-7年工作经验,2017-03-15,"
						岗位职责：
1、根据公司的销售总纲，分解并制订销售计划和销售目标，确保完成西南区（成都、重庆）业绩；
2、帮助店长建立合理的店铺管理系统及组织机构框架，并负责区内人员培训及考核；
3、区内店铺陈列及形象管理、货品管理、确保及时有效的落实；
4、及时传达公司政策至店铺并跟踪执行，与公司保持密切沟通；
5、在公司原则的基础上，制定公平合理的人员评估与激励制度，不断激励下属完成既定目标，并努力提高本区域组织结构的凝聚力；
6、撰写本区域工作总结与计划，以及销售情况差异的分析报告；
7、负责终端培训的开展、负责培训课件的开发、制作，培训的组织；
8、负责培训反馈的跟进，及数据化效果分析",http://m.51job.com/search/jobdetail.php?jobtype=0&jobid=85293606
品牌服装店长/店长助理,4-8千/月,6000,成都市华蕾服饰有限公司,民营公司,150-500人,高新区天益街理想中心4栋5楼,10382,2155,公共交通,1人 | 高中 | 1年工作经验,2017-03-15,"
1、 负责带领店铺团队完成公司下达的店铺销售目标；2、 分解店铺的销售计划（每日、每周、每月）；3、 负责对店员的培训及管理，使得每位店铺员工能够胜任相关工作；4、 负责店铺的日常营运及保护店铺经营资产的安全；5、 负责市场信息的收集、整理并反馈；6、 负责店铺商品进、销、存的跟进工作；7、 完成上级下达的其他临时任务。职位要求：1、沟通能力强、活泼开朗；2、两年以上品牌女装店铺管理经验；3、具备服装陈列、面料及保养知识，色彩形体、服饰搭配等专业知识，具备相应的管理协调能力；4、熟悉办公软件，能完成公司要求的相关表格，熟练运用服装类ERP系统。职位待遇：年薪：6-10万/年（无责任底薪+工龄",http://m.51job.com/search/jobdetail.php?jobtype=0&jobid=86671704
Acura（讴歌）品牌 大客户专员,6-8千/月,7000,四川江铃汽车销售服务有限责任公司,民营公司,150-500人,高新区火车南站西路1809号,12421,4117,公共交通,若干人 | 大专 | 2年工作经验,2017-03-15,"
						1、开发二级经销商并协助督促二级经销商达成销量目标；
2、拜访区域市场内大客户，发现并捕捉商业机会，尤其是批量采购业务；
3、协助市场部做好区域内大客户上门定展服务工作；
4、搜集区域市场信息，建立、完善客户信息系统。
5、维护好老客户，确保客户满意度的达成
岗位要求：
1、 2年以上汽车行业区域市场管理和集团采购经验；
2、品行端正,形象气质佳，具有亲和力；
3、良好的销售与谈判能力、沟通表达能力、关系拓展与维护能力、以及较强的计划执行能力：
4、有驾驶执照						",http://m.51job.com/search/jobdetail.php?jobtype=0&jobid=77485094
品牌推广主管（品牌合作）,10-14万/年,10000,中航成都航逸科技有限公司,国企,1000-5000人,成都市高新区益州大道北段777号中航国际交流中心A座,13014,2863,公共交通,1人 | 本科 | 工作经验不限,2017-03-15,"
						岗位职责：
1、梳理项目对外宣传展示资源，包括设备、演艺、商品、广告位等，完成谈判，达成既定的品牌赞助目标；
2、与潜在合作单位进行沟通和谈判，共同策划品牌合作计划；
3、品牌联合推广的谈判与确定。
任职要求：
1、市场营销、旅游管理、新闻传媒专业，本科及以上学历；
2、熟悉市场营销专业知识、主题乐园行业知识；
3、良好的沟通能力、逻辑思维能力。						",http://m.51job.com/search/jobdetail.php?jobtype=0&jobid=85504389
品牌运营总监,1-1.5万/月,12500,四川世和企业管理有限公司,民营公司,150-500人,温江区成都海峡两岸科技产业开发园温泉大道,32862,6920,公共交通,1人 | 大专 | 3-4年工作经验,2017-03-15,"
						职位描述：金乌典藏（文玩珠宝主营金丝楠木、南红、砗磲、蜜蜡)
1. 参与公司重大市场战略决策，制定公司金乌典藏（文玩珠宝）发展目标规划、产品规划、市场战略规划，对文玩珠宝市场有丰富经验，熟悉文玩或珠宝行业法规；
2．制定品牌总体发展计划及品牌推广计划，建立品牌的核心价值及定位，制定和管理公司品牌体系，建立品牌资产，提升品牌知名度；
3．制定年度的品牌计划和实施计划，包括：营销目标策略、广告、消费者促销、产品延伸、包装和VI改进、建议以及执行计划纲要等；
4．监督和管理品牌、产品推广的传播内容和传播方式（电视、报纸、网站、杂志、户外大牌、新闻发布会、接受记者采访、主题品牌推广活动",http://m.51job.com/search/jobdetail.php?jobtype=0&jobid=86655293
板式套房品牌总监（RQ）,20-30万/年,20833.33,成都市润年家私有限责任公司,民营公司,1000-5000人,成都邛崃市羊安镇羊安家具工业园润年家私,74983,21523,公共交通,1人 | 大专 | 5-7年工作经验,2017-03-15,"
						一、主要职责
1、负责事业部板式套房新项目推进；
2、负责建立新项目的业务流程及组织架构；
3、负责新项目的业务开发。
二、岗位要求
1、25—40岁，大专及以上学历，5年以上板式套房销售及销售管理经验。
2、具有成功项目经验。						",http://m.51job.com/search/jobdetail.php?jobtype=0&jobid=86538500
品牌服饰销售督导,4-8千/月,6000,成都市成华区金岚地服装厂,民营公司,150-500人,成都市金牛万达广场甲级写字楼B座19层金岚地服饰,6725,1816,公共交通,若干人 | 学历不限 | 2年工作经验,2017-03-15,"
***岗位职责（限***）1、根据公司整体规划，组织实施年度、季度、月度以及节假日的各种促销活动，并监督实施各项促销活动；2、指导监督市场促销活动计划的拟订和实施，制定促销活动经费的申报细则以及审批程序，并对该项程序予以监督；3、协调各区域进行销量的分析并提出业务推进计划；4、设计、发放、管理促销用品以及卖场陈列产品管理；5、制定不同时期，不同促销活动的各项预算，并依据预算控制促销经费的使用；任职资格1、市场营销、管理类、广告类或相关专业大专以上学历；2、两年以上服装销售督导管理经验；3、有品牌消费品的广告宣传跟踪调查、评估经验；4、能积极面对挑战及压力，工作积极主动，具备团队合作精神；5、",http://m.51job.com/search/jobdetail.php?jobtype=0&jobid=54540488
专聘品牌推广师、咨询师、策划师等营销管理贤才,8-10万/年,7500,太平人寿保险有限公司四川分公司,国企,10000人以上,青羊区顺城大街308号冠城广场四楼0403；联系电话：13608065067,3574,1706,公共交通,20人 | 本科 | 工作经验不限,2017-03-15,"
一、招聘岗位：1、品牌推广师、品牌咨询师、、市场分析调研员、策划师等营销管理贤才：薪资待遇：第一到第三个月为试用期；薪酬5000~8000+管理津贴+季度奖金+年终奖+培训+旅游+保险（按职级拥有意外、医疗、及长期服务津贴、养老保障）。二、招聘要求： 1、本科及以上学历（含应届毕业生） 2、校团委、学生会或班干部 3、高追求、有成功创业经历者优先 4、研究生、海归优先5、有特殊技能者优先6、形象气质佳、性别不限：***身高158cm及以上、***身高168cm及以上 三、简历接收：1、投递邮箱：TPSC_HR@163.com2、联系方式：13608065067（周经理） ",http://m.51job.com/search/jobdetail.php?jobtype=0&jobid=78155591
品牌推广主管-全国连锁时尚饰品,5-7千/月,6000,成都追银族饰品股份有限公司,民营公司,500-1000人,成都市人民中路三段2号万富大厦17楼（文殊坊地铁B出口旁）,5184,1627,公共交通,1人 | 大专 | 3-4年工作经验,2017-03-15,"
						1、管控微信及微博自媒体的日常推送，产品推荐，线上活动及粉丝互动的正常开展；
2 、管控百度推广，及品牌新闻类网络推广，品牌网络环境（论坛、新闻等信息源）优化；
3 、传统媒体、网络媒体、新媒体、直播、视频等宣传资源的梳理、分析并根据需求提交策划媒介购买方案、公关方案、执行方案；
4 、撰写相关媒体发布文章；
4 、媒体异业合作资源管理，策划网络品牌间合作的推广活动；
5、协助品牌活动对公司内部宣传。
任职资格：
1、大专及以上学历三年以上媒介管理工作经验，有品牌方媒介管理经验优先；
2、熟悉传统媒体、网络媒体、自媒体、新媒体、户外媒体等媒体渠道，并有过成功媒体软文公关、投放经",http://m.51job.com/search/jobdetail.php?jobtype=0&jobid=85783162
品牌策划总监,0.8-1.2万/月,10000,成都市南虹制冷工程有限公司,民营公司,150-500人,蜀西路9号丰德羊西中心1501-1505,11766,3203,公共交通,1人 | 大专 | 2年工作经验 | 普通话  | 普通话 ,2017-03-15,"
						岗位职责：
1、负责市场部整体工作的把握和部署；    
2、负责公司运营策略的制定、实施及战略推广；    
3、参与公司营销目标战略研究，负责公司品牌中长远形象规划和实施，为营销战略实现提供品牌支持；    
4、负责公司平台相关内容、节目的策划、选题、执行、出稿等整体规划和运营管理，把握整体风格及发展方向；    
5、负责媒体关系的拓展及维护，建立渠道关系，能够发掘互联网营销新渠道；   6、对竞品的市场推广策略进行搜集、整理、分析并制定相应对策；    
7、根据公司发展策略，发掘商业机会，推进和完成合作计划；    
8、对竞品的市场推广策略进行搜集、整理、分析并制",http://m.51job.com/search/jobdetail.php?jobtype=0&jobid=74401908
行政经理-连锁品牌公司总部,7-8千/月,7500,成都追银族饰品股份有限公司,民营公司,500-1000人,成都市人民中路三段2号万富大厦17楼（文殊坊地铁B出口旁）,5184,1627,公共交通,1人 | 本科 | 5-7年工作经验,2017-03-15,"
						1、	负责公司行政管理制度、流程的拟订、检查、监督和执行；
2、	负责公司固定资产、行政物资、办公用品的采购与管理；
3、	负责公司公共关系、企业文化及团队建设；
4、	公司各类会议及活动组织协调维护；
5、	组织公司危机管理工作，负责指导处理应急预案的具体落实；
6、	负责规范员工办公室日常行为，办公室“6S”管理的推行、保持和提高；
任职要求：
1、	大学本科及以上学历，5年以上行政管理工作经验，3年以上同岗位管理经验；
2、	熟悉集团公司办公室行政管理工作，具备行政风险防控意识；
3、	具备较强的组织协调能力及分析判断能力；
4、	具备良好的沟通、计划与执行能力。

“追",http://m.51job.com/search/jobdetail.php?jobtype=0&jobid=84870860
CH5501策划师（6000-8000，优质项目，品牌开发商）,6-8千/月,7000,成都正合地产顾问股份有限公司,民营公司,1000-5000人,成都市东城根上街95号成证大厦2楼,4085,1696,公共交通,2人 | 学历不限 | 工作经验不限,2017-03-15,"
						品牌开发商——万科、保利、绿地等一线开发商！
平台与实力——西南顶尖营销团队、成功挂牌新三板
没有天花板——晋级11层通道可打拼！
持续培训期——228门内训课程可享受！

岗位职责：
1） 项目主策，主导房地产项目的营销策划策略、广告、渠道、活动等工作
2）指导、带教辅策的工作，帮助团队专业成长
3）独立对接开发商，维护与开发商的关系

任职要求：
1）两年以上工作经验，较强的市场敏锐度，熟悉房地产营销运作、熟悉策划报告定作及策划工作流程，独立、全程操作1个以上房地产项目，有项目前期工作经验者优先；
2）较强的逻辑分析能力，书面及语言文字表达能力，沟通和协",http://m.51job.com/search/jobdetail.php?jobtype=0&jobid=84424833
品牌服装导购,4-8千/月,6000,成都市华蕾服饰有限公司,民营公司,150-500人,高新区天益街理想中心4栋5楼,10382,2155,公共交通,2人 | 高中 | 工作经验不限,2017-03-15,"
1、根据产品的特性，热情引导顾客购物； 2、运用销售技巧，促成商品的销售； 3、执行公司制定的各项销售政策； 4、跟踪回访顾客并提供完善的售后服务； 5、协助完成店铺陈列、搭配等与销售相关的工作。 职位要求： 1、形象气质佳； 2、对服装有强烈的敏锐度，并热爱服装行业； 3、销售能力出众，有女装销售工作经验优先； 4、抗压能力强，能适应快节奏工作。 职位待遇：4000-8000元/月 （底薪+工龄工资+星级工资+达标奖+提成+年终奖）+社保+专业技能培训+带薪年休假+团队活动+免费旅游+传统节日礼品+生日礼物备注：投递简历时请描述工作经验！ ",http://m.51job.com/search/jobdetail.php?jobtype=0&jobid=86670148
品牌经理,1.5-2万/月,17500,杭州爱唯服饰有限公司,民营公司,1000-5000人,杭州市下城区石桥路佳美中心Ｂ幢11楼,17627,55760,公共交通,1人 | 大专 | 3-4年工作经验,2017-03-15,"
						职位描述：
1，负责协助制定和完成公司品牌年度销售目标和计划。
2，根据企业的发展，开发新的加盟客户，完成区域销售指标，跟踪各客户的销售回款情况
3，对公司所在的市场进行监督和管理
4，对区域内客户进行销售分析并提供促销方案和计划
5，援助代理商在当地召开订货会 ，分解订单（省代加盟区大区经理职责）
6，完成上级临时交办的工作
7，参与竞争品牌的市场调查，提供市场信息和建议

应聘要求：
1、有品牌女装营销管理三年以上，对品牌女装的运营熟悉
2、有过客户管理、维护经验
3、擅长对终端店铺的分析并制定营销方案。
4、对服装销售渠道熟悉，且有一定的渠道资源
5、热爱服装行业，男女不",http://m.51job.com/search/jobdetail.php?jobtype=0&jobid=82928157
黛珂品牌美容技师,0.8-1万/月,9000,高丝化妆品销售（中国）有限公司,外资（非欧美）,1000-5000人,上海市虹口区四川北路859号中信广场5楼,29229,61303,公共交通,2人 | 高中 | 1年工作经验,2017-03-15,"
“COSME DECORTE黛珂”诞生于1970年，拥有近40年的历史，一直以来受到全世界***的钟爱，是“KOSE高丝”引以为傲的最尖端的高档品牌之一。她向顾客提供的是运用极具前瞻性的尖端技术所生产的极为卓越的品质，以及通过细致完善的服务传达的究极之美。“COSME DECORTE黛珂”热忱欢迎爱美和热爱美容事业的您，在这里“COSME DECORTE黛珂”将为您提供更加广阔的舞台，能充分展示您的才能，把美带给更多爱美的人。主要职责：1）从事VIP顾客的美容护理。2）为顾客提供保养和护理皮肤的服务。资质要求：1）高中以上文化程度，35岁以下，身高1.58米以上，五官端正，皮肤白皙，无纹眉及",http://m.51job.com/search/jobdetail.php?jobtype=0&jobid=86720506
产业园品牌推广主管（央企）,0.8-1万/月,9000,中智四川经济技术合作有限公司,国企,150-500人,金牛区一环路北一段99号环球广场706,6853,2354,公共交通,1人 | 本科 | 工作经验不限,2017-03-15,"
						政府与人力资源中央企业共建***人力资源产业园项目

招聘岗位：品牌推广主管

招聘人数：1人

岗位职责：

1、根据产业园运营管理公司的经营战略，对项目的产品规划设计、市场定位、项目包装、策划推广等专业流程具有良好的专业认知水平；

2、负责对筹备期产业园招商项目进行前期策划、项目包装、宣传造势并组织实施。

3、根据项目整体规划设计方案，制定项目整体对外宣传、招商、推广策略和方案，负责组织、制作有关项目简介、多媒体展示、项目形象包装、招商手册、招商宣传资料汇编等；

 

任职要求：

1、本科学历,年龄24-40岁，从事品牌推广、新媒体等行业3年以上；",http://m.51job.com/search/jobdetail.php?jobtype=0&jobid=78399989
品牌店铺主管,6-8千/月,7000,I.T（香港高级品牌服饰连销集团）,外资（非欧美）,150-500人,上海市浦东新区世纪大道201号渣打银行大厦8楼,31811,61537,公共交通,4人 | 学历不限 | 2年工作经验,2017-03-15,"
						岗位描述:
1,负责店铺的日常管理和维护.
2,负责店铺的运营管理,完成公司下达的销售指标,建立优秀的销售团队.
3,维护品牌形象,培养和提升团队员工的专业技能.
4,严格执行公司的管理制度,保证信息的正确有效传递.

任职资格:
1,较强的执行能力和协作能力
2,服装零售行业店铺管理经验两年以上
3,熟悉店铺的管理流程和问题的解决能力
4,性别不限，形象气质佳

入职后享有完成的薪酬福利,享有社保公积金,入职满一年后可享有7天年假
月薪:4500左右+业绩提成

店铺：IFS/太古里
有意者可投递简历或每周二和周四下午2点至5点带上简历和近期寸照直接到公司面试
面试地址:芷泉",http://m.51job.com/search/jobdetail.php?jobtype=0&jobid=63577367
销售代表（西南龙头品牌+试用期4500+专业培训）,0.8-1万/月,9000,巨景证券金太阳投顾,合资,500-1000人,高新区中航国际广场22楼,14366,3963,公共交通,5人 | 大专 | 工作经验不限 | 普通话 熟练,2017-03-15,"
						我们的优势：  1、客户资源——专属平台，公司提供优质客户资源，不需外出  2、保障底薪——无责任底薪3000元，保障生活基本问题  3、员工活动——公司内部咖啡厅、健身房、每月聚餐补贴  4、专业培训——专业的培训团队，最快了解业务内容  一、岗位职责：  1、通过公司电视栏目以及新媒体网络做出财经栏目开发客户，与客户建立良好的合作关系；  2、掌握客户不同需求，及时为客户提出针对性解决方案，保证准确的信息传递；  3、利用优势，引导客户，形成商务订单，完成计划的销售目标及客户开发任务；  4、客户资源由公司长期统一通过电脑系统下发，无需自己寻找客户无需外出。  二、职位要求",http://m.51job.com/search/jobdetail.php?jobtype=0&jobid=84524709
品牌营销经理,1-1.5万/月,12500,四川麻辣空间餐饮管理有限公司,民营公司,1000-5000人,成都市高新区益州大道中航国际AFC广场A座12楼,14366,3963,公共交通,1人 | 大专 | 3-4年工作经验,2017-03-15,"
						岗位职责：
1、组织开展各类市场调研、收集市场信息，特别是主要竞争对手和同行业的市场信息，定期提交市场分析报告供领导决策参考;
2、制定公司及加盟店年度、月度营销推广方案、企划活动规划、重大促销方案等，全面策划各类企划活动及公关活动，在各类活动中维护、推广、提升公司品牌;
3、负责公司与媒体的联系，与各媒体单位、广告公司建立良好的合作关系，确保品牌传播的有效性和影响力;
4、负责本部门发生的营销推广合同及费用的监控，定期（每月、每季度、每推广期）提供报表供领导参考;
5、全面管理公司CIS(企业形象)系统的统一制定、设计和实施规划;
6、负责公司品牌企业文化的宣传和",http://m.51job.com/search/jobdetail.php?jobtype=0&jobid=75279353
品牌经理助理兼调研主管,6-8千/月,7000,四川沱牌舍得营销有限公司,民营公司,1000-5000人,成都市高新区环球中心E1单元11楼9号（地铁1号线锦城广场A出口对面）,13912,2950,公共交通,2人 | 学历不限 | 3-4年工作经验,2017-03-15,"
						岗位职责
1、负责核心产品调研工作（包括竞争品牌调研、渠道调研、经销商调研、品牌满意度调研等）；
2、负责对各销售区分区域调研信息的收集、整理及汇总分析，并向品牌经理汇报。
3、负责协助经理对重大促销活动、统一物料的策划；
4、负责协助经理对重大促销活动的执行情况进行跟踪检查。
5、负责协助相关部门对与本品牌有关的大型公关活动执行情况的跟进。

任职要求：
1、专科以上学历，营销管理、广告、市场、新闻等相关专业优先；
2、3年以上快消、酒类、零食行业市场管理工作经验（品牌和产品管理经验）；
3、具备较强的规划、分析能力、沟通协调能力，善于突破，不断创新；
4、执行力强，且市场应",http://m.51job.com/search/jobdetail.php?jobtype=0&jobid=79864449
品牌服装导购,4-8千/月,6000,成都市华蕾服饰有限公司,民营公司,150-500人,高新区天益街理想中心4栋5楼,10382,2155,公共交通,2人 | 高中 | 工作经验不限,2017-03-15,"
						1、根据产品的特性，热情引导顾客购物；  2、运用销售技巧，促成商品的销售；  3、执行公司制定的各项销售政策；  4、跟踪回访顾客并提供完善的售后服务；  5、协助完成店铺陈列、搭配等与销售相关的工作。  职位要求：  1、形象气质佳；  2、对服装有强烈的敏锐度，并热爱服装行业；  3、销售能力出众，有女装销售工作经验优先；  4、抗压能力强，能适应快节奏工作。  职位待遇：4000-8000元/月  （底薪+工龄工资+星级工资+达标奖+提成+年终奖）+社保+专业技能培训+带薪年休假+团队活动+免费旅游+传统节日礼品+生日礼物  备注：投递简历时请描述工作经验！						",http://m.51job.com/search/jobdetail.php?jobtype=0&jobid=79328326
品牌建设部经理,1-2万/月,15000,蓝润金服集团,民营公司,10000人以上,成都市锦江区国际金融中心1号写字楼39楼,9152,3644,公共交通,1人 | 学历不限 | 工作经验不限,2017-03-15,"
						1、负责品牌管理体系的建立及管理管控，建立与修订品牌管理制度。
2、负责品牌的标准化应用输出及管控，管理品牌资产。
3、统筹管理公司品牌营销相关的媒体资源，达到资源的优化利用，为公司营销推广媒介部分提供专业支撑。
4、负责品牌性整合营销推广的策略支撑。
5、负责制定企业文化规划及年度实施计划。
6、负责提炼、建立、维护公司的理念文化、行为文化，编制企业文化手册。
7、负责组织安排，或会同有关部门筹备公司重大活动。
8、负责推动和监督各部门、分子公司开展企业文化建设工作。
9、负责公司内刊的编制、发行工作。
10、负责收集、汇总公司发生的重大事件，编写公司大事记",http://m.51job.com/search/jobdetail.php?jobtype=0&jobid=85081251
产品/品牌经理,1-1.5万/月,12500,四川金宫川派味业有限公司,民营公司,500-1000人,成都温江海峡科技园科兴路266号,29291,6018,公共交通,1人 | 本科 | 工作经验不限,2017-03-15,"
						1、参与公司品牌战略相关工作，包括品牌传播策略、品牌架构规划等； 负责产品品牌管理，负责或配合核心业务重点产品品牌的规划；
2、负责系统性、规范化的品牌管理机制的建立、运营与评估；
3、负责公司级品牌口径的制定与审核、管理，品牌故事的包装，以及公司级品牌广告的创意与策划；
4、负责公司级品牌与市场传播工具的策划与制作；
5、负责区域和业务线的市场传播工具的指导与审核；
6、负责品牌VI的规划、实施、审核与评估管理；
7、负责品牌体验环境的规划与实施；
8、负责品牌规划与管理工作相关供应商的评估、培训与管理。
任职要求：
1、年龄32岁以上，市场营销、策划、传媒",http://m.51job.com/search/jobdetail.php?jobtype=0&jobid=80094932
Brand Manager 品牌经理,1-2万/月,15000,昊盈信息技术（成都）有限公司,外资（非欧美）,150-500人,成都市锦江区红星路三段1号国际金融中心1号写字楼,1329,899,公共交通,1人 | 学历不限 | 工作经验不限,2017-03-15,"
						PLEASE APPLY THROUGH THIS LINK: https://nexa-corp.workable.com/jobs/57042
WE ONLY ACCEPT CANDIDATES FROM OUR OWN WEBSITE!
If you have any problem in uploading resume, please contact with jobs@nexa-corp.com

Description：
If you have an excellent intuition for introducing new brands and making",http://m.51job.com/search/jobdetail.php?jobtype=0&jobid=68597588
品牌运营经理,4-8千/月,6000,成都盛世华都商贸有限公司,民营公司,150-500人,成都市成华区龙潭工业园华盛路58号10栋1单元,13079,4496,公共交通,2人 | 大专 | 3-4年工作经验,2017-03-15,"
						岗位职责：
1、全面负责品牌（直营及加盟客户）在全川的运营及相关服务工作；
2、负责品牌在川内市场拓展推广管理工作；
3、制定品牌在全川的发展方向，并实施；
4、组织实施品牌推广策略及品牌发展策略宣传与维护等工作；
5、了解、分析同行品牌的操作模式，不断改进本公司品牌发展思路；
6、上级领导交代的其它工作；
岗位要求：
1、大专及以上学历，服装或营销专业毕业；
2、2年以上品牌女装管理及拓展经验；
3、具备优秀的市场洞悉能力及市场分析能力；
4、一经录用，公司提供优厚的福利待遇及广阔的晋升平台。						",http://m.51job.com/search/jobdetail.php?jobtype=0&jobid=81188760
品牌推广经理,0.8-1.5万/月,11500,四川川魂餐饮管理股份有限公司,民营公司,150-500人,成都市红星路三段银石广场2109,1787,931,公共交通,1人 | 本科 | 5-7年工作经验,2017-03-15,"
						岗位职责： 
1、	根据年度品牌策划，围绕核心品牌概念及定位，制定详细的产品发展策略及营销推广方案；
2、	统筹公司商业项目的企划工作；
3、 负责公司线上、线下战略推广；
4、 收集研究有关新产品的信息，跟踪、了解餐饮及市场动态信息，随时掌握与菜品研发相关的政策及行业法规，做到与菜品研发相结合；
5、 通过器皿配备和造型搭配，提高顾客对产品的认可度； 
6、 根据不同季节和重大节目，组织促销活动，推出季节菜，增加品种，促进销售。并负责对各门店的菜品销售量排名进行分析、汇总，将优势菜品纳入日常销售菜牌中。

任职要求： 
1、30周岁以上，有5年以上相关产品推广经验，熟知产品推",http://m.51job.com/search/jobdetail.php?jobtype=0&jobid=77071444
品牌服装导购,4-8千/月,6000,成都市华蕾服饰有限公司,民营公司,150-500人,高新区天益街理想中心4栋5楼,10382,2155,公共交通,2人 | 高中 | 工作经验不限,2017-03-15,"
						1、根据产品的特性，热情引导顾客购物； 2、运用销售技巧，促成商品的销售； 3、执行公司制定的各项销售政策； 4、跟踪回访顾客并提供完善的售后服务； 5、协助完成店铺陈列、搭配等与销售相关的工作。 职位要求： 1、形象气质佳； 2、对服装有强烈的敏锐度，并热爱服装行业； 3、销售能力出众，有女装销售工作经验优先； 4、抗压能力强，能适应快节奏工作。 职位待遇：4000-8000元/月 （底薪+工龄工资+星级工资+达标奖+提成+年终奖）+社保+专业技能培训+带薪年休假+团队活动+免费旅游+传统节日礼品+生日礼物 备注：投递简历时请描述工作经验！						",http://m.51job.com/search/jobdetail.php?jobtype=0&jobid=76851807
品牌经理,1-1.5万/月,12500,成都蝴蝶树商贸有限公司,民营公司,150-500人,成都市锦江区东御街18号百扬大厦20楼9号,3556,1371,公共交通,1人 | 大专 | 工作经验不限,2017-03-15,"
						岗位职责：
1、与合作的商场保持良好的合作关系，进行相关业务的洽谈；
2、熟悉终端零售运作模式，熟悉且具有较强的零售业卖场营运管理能力，并具备良好的管理思路；
3、对新品牌的独立操作，筹备、推广、运营等管理工作；  
4、优秀的语言表达及沟通能力，协调能力及团队管理能力；
5、及时了解竞品的动向，对市场进行调研分析，确保销售目标的达成； 
6、具有敏锐的市场洞察力，良好的统筹分析问题、解决问题的能力及谈判技巧； 
7、关注终端销售，负责部门的日常管理工作及部门员工的管理、指导、培训及评估；
任职资格：
1、大专及以上学历，营销及相关专业毕业； 
2、有较强的市场洞察力和极强的敏",http://m.51job.com/search/jobdetail.php?jobtype=0&jobid=86604580
品牌策划副经理,10-15万/年,10416.67,成都广达新网科技股份有限公司,上市公司,500-1000人,成都市高新区高朋大道16号2楼， 公交：111路至高朋大道站，23、100路至九兴大道或二环路车辆至永丰立交桥西下。生产基地：成都市高新区石羊工业园2栋4楼。,2386,1272,公共交通,若干人 | 学历不限 | 工作经验不限,2017-03-15,"
						岗位职责：
1.管理企业营销目标战略研究，企业品牌的发展定位、目标规划和实施，承担企业中长远的形象规划和实施
2. 准确把握公司的品牌定位、公司产品设计风格，根据市场需求和变化、区域特性和市场信息进行品牌策划；
3.组织实施市场、客户反馈意见及竞争对手的状况等调研活动，提供企业发展、营销战略的分析研究资讯；
4.有团队搭建能力，制定并分配日常任务，规范团队的业务流程，带领相关人员完成公司下达各项任务；
5.品牌策划与营销企划工作，配合公司发展战略目标，做好阶段性营销策划方案，根据公司的市场策略和推广要求，为公司新媒体（微信、微博等）及官网推广明确定位，制定目标、发展计划并执行，",http://m.51job.com/search/jobdetail.php?jobtype=0&jobid=70092930
品牌经理,0.8-1.5万/月,11500,国际私塾总部,民营公司,1000-5000人,高新区环球中心,13912,2950,公共交通,2人 | 本科 | 3-4年工作经验 | 英语 熟练,2017-03-15,"
						岗位职责：
1、结合公司发展战略与营销战略，规划品牌发展的长中短期目标；
2、根据品牌核心理念，指导部门专业人员进行规范标准的品牌形象建设；
3、根据品牌的发展计划与市场需求，对品牌进行长期的有规划性的推广，包括内部的与外部的以及定期的活动与新闻事件营销；
4、协助人力资源部进行企业文化的建设与导入，对企业CIS进行规划与落实了解并监控品牌的成长与发展；
5、对品牌工作进行定期的汇报总结以及针对的问题做相应的解决方案。
任职要求：
1、具有三年以上品牌管理推广相关实操经验；具有一定的英文书写能力及口头表达能力；
2、具备优秀的团队管理能力，对品牌工作有独特见解；
3、具备营销见",http://m.51job.com/search/jobdetail.php?jobtype=0&jobid=83359045
CH9902策划师（6k-8k，优质项目，品牌开发商）,6-8千/月,7000,成都正合地产顾问股份有限公司,民营公司,1000-5000人,成都市东城根上街95号成证大厦2楼,4085,1696,公共交通,2人 | 学历不限 | 工作经验不限,2017-03-15,"
						品牌开发商——万科、保利、绿地等一线开发商！
平台与实力——西南顶尖策划团队、成功挂牌新三板
没有天花板——晋级11层通道可打拼！
持续培训期——228门内训课程可享受！

工作内容：
1） 项目主策，主导房地产项目的营销策划策略、广告、渠道、活动等工作
2）指导、带教辅策的工作，帮助团队专业成长
3）独立对接开发商，维护与开发商的关系

任职要求：
1）两年以上工作经验，较强的市场敏锐度，熟悉房地产营销运作、熟悉策划报告定作及策划工作流程，独立、全程操作1个以上房地产项目，有项目前期工作经验者优先；
2）较强的逻辑分析能力，书面及语言文字表达能力，沟通和协",http://m.51job.com/search/jobdetail.php?jobtype=0&jobid=86122973
安正IMM尹默品牌女装诚招销售督导/精英,1.2-1.8万/月,15000,安正时尚集团股份有限公司,民营公司,1000-5000人,上海市长宁区临虹路168弄国际商务花园7号办公楼,17941,60768,公共交通,5人 | 高中 | 5-7年工作经验,2017-03-15,"
						1、负责支援店铺全年销售目标达成；
2、店铺人员销售能力的培养提升；
3、店铺（含新开店）帮扶，店铺同比提升，业绩提升；

任职要求：
1、 5年以上品牌服装行业工作经验，其中3年以上零售带店销售经验；
2、 精通现代零售企业终端销售工作；
3、良好沟通表达能力，较强的责任心；
4、开朗、外向，有单兵作战的能力，吃苦耐劳，有敬业精神；
5、适应长期出差；						",http://m.51job.com/search/jobdetail.php?jobtype=0&jobid=86120604
产品/品牌主管,8-10万/年,7500,成都益盐堂调味品有限公司,上市公司,5000-10000人,成都市青羊区青羊大道97号优诺国际1204室,10103,2925,公共交通,1人 | 学历不限 | 工作经验不限,2017-03-15,"
						1.制定新产品（调味品）的年度推广策略、市场宣传计划、产品定位、销售策略等；
2.负责市场数据分析、销售及代理商培训、产品研发及改进工作等；
3.熟练掌握所负责产品的特点及应用知识，了解竞争产品的市场情况，并分析公司及竞争产品的SWOT；
4.负责各地推广活动的计划及协调、广告方案的制定参与、定期与大区经理和区域经理沟通，安排下阶段产品推广计划；
5.完成上级领导分配的其他任务、与直属上司紧密合作以达至公司的目标；
6.各协作部门的内部沟通工作，确保计划实施。
任职资格：
1.年龄28-45岁，工作积极认真；
2.大学本科，市场营销专业优先；
3.3年以上快速",http://m.51job.com/search/jobdetail.php?jobtype=0&jobid=81385358
品牌总监,1.5-2万/月,17500,成都上普实业发展有限责任公司,民营公司,150-500人,成都市大业路6号财富中心C座30楼,2980,1743,公共交通,1人 | 学历不限 | 工作经验不限,2017-03-15,"
						岗位职责：
1、负责招商过程监控，确定招商推广活动、广告策划、并监控实施谈判与客户开发，
2、负责客户的接洽、谈判和追踪以及客户签约，客户关系维护；负责制订各阶段招商计划，布置和安排本部各项工作有计划开展。
3、负责指导和监控招商工作的具体执行，监控并制定招商运营费用预算；
4、不断优化公司整体发展战略框架下的团队运营体系，提升招商运营成效，满足公司发展需要和竞争力；
任职要求：
1、市场营销等相关专业大专及以上学历
2、具有丰富的招商渠道和营销网络资源，具备招商管理能力
3、具有较强的沟通协调能力和人际关系，有很强的团队管理能力、能承担较大压力						",http://m.51job.com/search/jobdetail.php?jobtype=0&jobid=85429614
品牌运营经理,7-9千/月,8000,达芙妮投资（集团）有限公司,外资（非欧美）,10000人以上,总部：上海市青浦区沪青平公路3908号,28812,63179,公共交通,1人 | 大专 | 工作经验不限,2017-03-15,"
1、 根据年度的业绩指标，制定达成实施方案分配落实到各岗位，保证销售指标达成；2、 建立全店铺标准营运与管理流程，一线服务标准的落实及执行（店务管理、仓库管理、陈列管理、人员管理等），定期回顾分析评估总结；3、 控制一线费用，包括水电邮、人事费用、商场活动降扣等费用；4、 培养储备SV及店长，优化部门内岗位及人员编制、配置，建立高效的零售管理团队，保持部门组织结构简洁、工作高效；5、 区域内开撤店给予充分的意见；6、 月度DT指标的达成计划；7、 定期组织例会、配合公司战略规划和年度工作计划，定期向上级总结汇报。岗位要求：1. 年龄30岁以上；2. 大专以上学历，专业不限；3. 3年以上同等",http://m.51job.com/search/jobdetail.php?jobtype=0&jobid=86303462
品牌策划主管,6-8千/月,7000,尚作有机,民营公司,500-1000人,成都市青羊区工业集中发展区G区7栋5楼,11889,3570,公共交通,1人 | 大专 | 2年工作经验,2017-03-15,"
						岗位职责：
1、负责公司的品牌传播策划；
2、负责公司的消费市场研究；
3、负责公司一些专题/活动内容策划；
4、负责品牌内容的撰写。

任职要求：
1、大专及以上学历，公关、市场营销、新闻等相关专业；
2、2年及以上经验，互联网、广告、快消行业同类型职位经历；
3、有一定的文案功底，有完整项目内容策划经验。
 
员工福利及奖励： 精致的基础福利，霸气的各种奖，一般人我不告诉他！
* 六险+全员覆盖的商业保险；
* 年假、婚假、产假、陪产假、丧假、病假等完善的带薪假期；
* 春节，端午节，中秋节价值200-500元不等的福利礼品或者礼金，精美生日礼品，",http://m.51job.com/search/jobdetail.php?jobtype=0&jobid=86895377
品牌推广专员,,',成都玛丽亚天府妇产儿童医院有限公司,民营公司,150-500人,成都市天府新区华阳街道天府大道南段2039号极地海洋公园世界主馆玛丽亚医院5楼,21759,4588,公共交通,5人 | 学历不限 | 2年工作经验,2017-03-15,"
						职位描述:
1、2年以上市场营销相关工作经历，个人形象好；
2、具有市场营销、客户谈判等相关知识与技巧；
3、思路清晰、敏捷，较强的沟通协调与表达能力；
4、具备演讲及活动组织能力，良好的外语听说读写基础，熟练使用计算机办公软件；
5、有优秀的市场开发、拓展、维护能力，对客户有良好的营销网络、拓展渠道等资源优先考虑；
6、有良好的职业道德和团队合作意识；
7、有较强的工作计划性和执行能力，抗压能力强。						",http://m.51job.com/search/jobdetail.php?jobtype=0&jobid=73152407
品牌渠道顾问（薪资4K-8k）,4-8千/月,6000,中国鲜花商城,民营公司,150-500人,成都市锦江区红星路三段99号银石广场18楼,1787,931,公共交通,2人 | 本科 | 2年工作经验,2017-03-15,"
						岗位职责：
1、根据公司战略目标，制定加盟策略和计划；
2、积极与加盟店有效互动，提高加盟店的忠诚度；
3、积极处理加盟店在加盟前后遇到的各类问题；
4、收集，整理，归纳市场行情和竞争对手的动态，提出分析报告；
5、高效落实公司各项加盟政策，严格执行加盟流程并对加盟数据整理分析和录入；
6、对加盟店的经营方法和花艺水平等方面收集内容并组织培训；

任职要求：
1、大学本科以上学历，2年以上招商连锁加盟工作经验；
2、诚信正直，有良好的团队合作精神和服务意识；
3、具有强烈的责任心和抗压能力、有良好的服务意识；
4、思维敏捷，具有一定的谈判技巧，具有较强的沟通协调能力；
5、能正",http://m.51job.com/search/jobdetail.php?jobtype=0&jobid=83237864
品牌活动主管,0.8-1.1万/月,9500,四川水井坊股份有限公司,上市公司,1000-5000人,四川成都市金牛区全兴路9号,14643,3188,公共交通,1人 | 本科 | 3-4年工作经验,2017-03-15,"





岗位工作职责:


1. 和市场经理、品牌经理沟通，明确活动目的和目标，提出完整的解决方案，并且持续改进


2. 确保和外界客户、活动公司和其他第三方机构的无缝对接与协调，保证活动的顺利落地和执行


3. 执行过程中保证品牌形象、调性符合品牌要求，对品牌需求有非常深入的理解


4. 根据产品定位和品牌需求，能独立的不断提出创新活动形式和内容，增加营销计划吸引程度


5. 管理服务供应商，确保提供高质量和高效的产品服务，提高费用使用效益


6.   管理好和品牌、产品相关的文件档案，确保工作流程都是符合公司规定



















",http://m.51job.com/search/jobdetail.php?jobtype=0&jobid=86418464
品牌经理（意大利巧克力品牌Venchi）,1-1.5万/月,12500,成都美美力诚百货有限公司,民营公司,500-1000人,人民南路二段18号川信大厦31F,4189,1492,公共交通,1人 | 大专 | 3-4年工作经验 | 英语 熟练,2017-03-15,"
						Venchi是意大利***巧克力，传承百年，坚持新鲜、健康、美味的传统、新鲜度的高品质要求，是130多年来Venchi坚持传统奉为宗旨。
　　
　　1878年，Venchi巧克力诞生在意大利西北部靠近法国边境的一个小村庄里。当时年轻的Silvano Venchi成立了一间糖果实验室，致力于意大利巧克力口味的研发。坚持不使用化学添加物，只使用天然原料，秉持着对品质、新鲜度以及专业度的严格要求，创造出了许多独家而脍炙人口的巧克力食谱。这些美味的巧克力制作方法已延续了百年之久，现在成为 Venchi 对传统的执着与骄傲。
　　
　　在2000年，Venchi与Cuba Chocola",http://m.51job.com/search/jobdetail.php?jobtype=0&jobid=68545587
品牌策划,8-15万/年,9583.33,华侨城西部投资有限公司,国企,500-1000人,成都市金牛区西华大道16号,14898,3619,公共交通,2人 | 本科 | 2年工作经验,2017-03-15,"
						工作职责：
1、协助上级领导开展品牌管理相关工作，参与项目沟通，准确把握项目需求，撰写项目品牌建设建议书；
2、协助上级完成品牌整体策划、市场营销整体策划等相关策划方案；
3、策划和组织各类品牌活动，助力品牌落地和推广；
4、负责品牌宣传文案的编写和版面设计；
5、各类品牌宣传渠道的整合，媒体关系日常维护与拓展；
6、协助建立媒体危机应对机制并妥善处理危机。


任职资格：

1、广告学、市场营销、中文等专业本科及以上学历；
2、两年以上广告、设计、媒介、咨询或品牌建设相关行业职业经历；
3、有较为丰富的品牌咨询、品牌建设相关服务的经验，调研公司工作背景、信息数据管理经验；
4",http://m.51job.com/search/jobdetail.php?jobtype=0&jobid=81720139
品牌推广（活动）主管,6-8千/月,7000,四川水井坊股份有限公司,上市公司,1000-5000人,四川成都市金牛区全兴路9号,14643,3188,公共交通,1人 | 本科 | 2年工作经验 | 英语 熟练,2017-03-15,"
						岗位设置目的：
1. 支持品牌落地活动，确保品牌执行及时性、一致性和品质感
2. 扩大品牌宣传渠道
3. 支持销售团队完善、优化品鉴活动及订货会模板

岗位工作职责：
1.明确活动目的和目标，提出完整的解决方案，并且持续改进
2.确保和外界客户、活动公司和其他第三方机构的无缝对接与协调，保证活动的顺利落地和执行
3.执行过程中保证品牌形象、调性符合品牌要求，对品牌需求有非常深入的理解
4.根据产品定位和品牌需求，能独立的不断提出创新活动形式和内容，增加营销计划吸引程度
5.管理和领导品牌大使团队，确保品鉴会成功举行，让消费者重新认识品牌并认可品牌的高端性
6",http://m.51job.com/search/jobdetail.php?jobtype=0&jobid=77229130
